order_id,step_source,timestamp_source,location_source,step_destination,timestamp_destination,location_destination,hours,geodesic_km,distance_road_km,time_road_no_traffic_hours,time_road_traffic_hours
1,1,2025-01-14 09:16:00+00:00,"DONGGUAN, GUANGDONG, CN",2,2025-01-14 17:40:00+00:00,"DONGGUAN, GUANGDONG, CN",8.4,0.0,0.0,0.0,0.0
1,2,2025-01-14 17:40:00+00:00,"DONGGUAN, GUANGDONG, CN",3,2025-01-14 18:05:00+00:00,"DONGGUAN, GUANGDONG, CN",0.4166666666666667,0.0,0.0,0.0,0.0
1,3,2025-01-14 18:05:00+00:00,"DONGGUAN, GUANGDONG, CN",4,2025-01-14 21:46:00+00:00,"SHENZHEN, GUANGDONG, CN",3.683333333333333,61.76106560783246,107.745,2.1152777777777776,2.1152777777777776
1,4,2025-01-14 21:46:00+00:00,"SHENZHEN, GUANGDONG, CN",5,2025-01-16 04:03:00+00:00,"SHENZHEN, GUANGDONG, CN",30.283333333333335,0.0,0.0,0.0,0.0
1,5,2025-01-16 04:03:00+00:00,"SHENZHEN, GUANGDONG, CN",6,2025-01-16 23:01:00+00:00,"BRUSSELS, BRUSSELS CAPITAL, BE",18.966666666666665,9381.875451632077,0.0,0.0,0.0
1,6,2025-01-16 23:01:00+00:00,"BRUSSELS, BRUSSELS CAPITAL, BE",7,2025-01-16 23:02:00+00:00,"BRUSSELS, BRUSSELS CAPITAL, BE",0.016666666666666666,0.0,0.0,0.0,0.0
1,7,2025-01-16 23:02:00+00:00,"BRUSSELS, BRUSSELS CAPITAL, BE",8,2025-01-17 01:01:00+00:00,"LEIPZIG, SAXONY, DE",1.9833333333333334,564.3525433986193,686.285,7.1402777777777775,7.170277777777778
1,8,2025-01-17 01:01:00+00:00,"LEIPZIG, SAXONY, DE",9,2025-01-17 04:02:00+00:00,"LEIPZIG, SAXONY, DE",3.0166666666666666,0.0,0.0,0.0,0.0
1,9,2025-01-17 04:02:00+00:00,"LEIPZIG, SAXONY, DE",10,2025-01-17 05:29:00+00:00,"BRESCIA, LOMBARDY, IT",1.45,664.7548532388024,899.247,9.999722222222223,10.137777777777778
1,10,2025-01-17 05:29:00+00:00,"BRESCIA, LOMBARDY, IT",11,2025-01-17 07:15:00+00:00,"BRESCIA, LOMBARDY, IT",1.7666666666666666,0.0,0.0,0.0,0.0
1,11,2025-01-17 07:15:00+00:00,"BRESCIA, LOMBARDY, IT",12,2025-01-17 07:59:00+00:00,"BERGAMO, LOMBARDY, IT",0.7333333333333333,46.27743840379541,57.278,0.8405555555555555,0.9388888888888889
1,12,2025-01-17 07:59:00+00:00,"BERGAMO, LOMBARDY, IT",13,2025-01-17 08:28:00+00:00,"BERGAMO, LOMBARDY, IT",0.48333333333333334,0.0,0.0,0.0,0.0
1,13,2025-01-17 08:28:00+00:00,"BERGAMO, LOMBARDY, IT",14,2025-01-17 10:40:00+00:00,"GAZZANIGA, LOMBARDY, IT",2.2,16.64796869542368,18.407,0.39111111111111113,0.4816666666666667
2,1,2025-01-09 08:02:00+00:00,"LEEDS, ENGLAND, GB",2,2025-01-09 18:30:00+00:00,"LEEDS, ENGLAND, GB",10.466666666666667,0.0,0.0,0.0,0.0
2,2,2025-01-09 18:30:00+00:00,"LEEDS, ENGLAND, GB",3,2025-01-09 20:38:00+00:00,"CASTLE DONINGTON, ENGLAND, GB",2.1333333333333333,107.0087934889708,133.024,1.5197222222222222,1.6058333333333332
2,3,2025-01-09 20:38:00+00:00,"CASTLE DONINGTON, ENGLAND, GB",4,2025-01-09 21:57:00+00:00,"CASTLE DONINGTON, ENGLAND, GB",1.3166666666666667,0.0,0.0,0.0,0.0
2,4,2025-01-09 21:57:00+00:00,"CASTLE DONINGTON, ENGLAND, GB",5,2025-01-09 23:09:00+00:00,"COLOGNE, NORTH RHINE-WESTPHALIA, DE",1.2,608.7095111554528,788.316,8.773333333333333,8.878055555555555
2,5,2025-01-09 23:09:00+00:00,"COLOGNE, NORTH RHINE-WESTPHALIA, DE",6,2025-01-10 03:30:00+00:00,"COLOGNE, NORTH RHINE-WESTPHALIA, DE",4.35,0.0,0.0,0.0,0.0
2,6,2025-01-10 03:30:00+00:00,"COLOGNE, NORTH RHINE-WESTPHALIA, DE",7,2025-01-10 04:26:00+00:00,"SERIATE, LOMBARDY, IT",0.9333333333333333,618.6780484499756,875.476,9.301388888888889,9.735
2,7,2025-01-10 04:26:00+00:00,"SERIATE, LOMBARDY, IT",8,2025-01-10 05:55:00+00:00,"SERIATE, LOMBARDY, IT",1.4833333333333334,0.0,0.0,0.0,0.0
2,8,2025-01-10 05:55:00+00:00,"SERIATE, LOMBARDY, IT",9,2025-01-10 06:00:00+00:00,"TREVIOLO, LOMBARDY, IT",0.08333333333333333,8.892137250827256,14.561,0.2625,0.28805555555555556
2,9,2025-01-10 06:00:00+00:00,"TREVIOLO, LOMBARDY, IT",10,2025-01-13 04:51:00+00:00,"TREVIOLO, LOMBARDY, IT",70.85,0.0,0.0,0.0,0.0
2,10,2025-01-13 04:51:00+00:00,"TREVIOLO, LOMBARDY, IT",11,2025-01-13 09:19:00+00:00,"GAZZANIGA, LOMBARDY, IT",4.466666666666667,21.55081593500288,30.292,0.4816666666666667,0.4975
3,1,2025-01-11 00:10:00+00:00,"THIEF RIVER FALLS, MINNESOTA, US",2,2025-01-11 03:00:00+00:00,"THIEF RIVER FALLS, MINNESOTA, US",2.8333333333333335,0.0,0.0,0.0,0.0
3,2,2025-01-11 03:00:00+00:00,"THIEF RIVER FALLS, MINNESOTA, US",3,2025-01-11 08:18:00+00:00,"LOUISVILLE, KENTUCKY, US",5.3,1382.5684049584586,1643.542,15.328611111111112,15.353055555555555
3,3,2025-01-11 08:18:00+00:00,"LOUISVILLE, KENTUCKY, US",4,2025-01-14 09:23:00+00:00,"LOUISVILLE, KENTUCKY, US",73.08333333333333,0.0,0.0,0.0,0.0
3,4,2025-01-14 09:23:00+00:00,"LOUISVILLE, KENTUCKY, US",5,2025-01-14 17:09:00+00:00,"COLOGNE, NORTH RHINE-WESTPHALIA, DE",7.766666666666667,6999.566789901489,0.0,0.0,0.0
3,5,2025-01-14 17:09:00+00:00,"COLOGNE, NORTH RHINE-WESTPHALIA, DE",6,2025-01-14 22:32:00+00:00,"COLOGNE, NORTH RHINE-WESTPHALIA, DE",5.383333333333334,0.0,0.0,0.0,0.0
3,6,2025-01-14 22:32:00+00:00,"COLOGNE, NORTH RHINE-WESTPHALIA, DE",7,2025-01-15 02:54:00+00:00,"SERIATE, LOMBARDY, IT",4.366666666666666,618.6780484499756,878.598,9.390555555555556,9.710277777777778
3,7,2025-01-15 02:54:00+00:00,"SERIATE, LOMBARDY, IT",8,2025-01-15 04:25:00+00:00,"SERIATE, LOMBARDY, IT",1.5166666666666666,0.0,0.0,0.0,0.0
3,8,2025-01-15 04:25:00+00:00,"SERIATE, LOMBARDY, IT",9,2025-01-15 04:30:00+00:00,"TREVIOLO, LOMBARDY, IT",0.08333333333333333,8.892137250827256,11.636,0.24472222222222223,0.24888888888888888
3,9,2025-01-15 04:30:00+00:00,"TREVIOLO, LOMBARDY, IT",10,2025-01-15 04:48:00+00:00,"TREVIOLO, LOMBARDY, IT",0.3,0.0,0.0,0.0,0.0
3,10,2025-01-15 04:48:00+00:00,"TREVIOLO, LOMBARDY, IT",11,2025-01-15 09:47:00+00:00,"GAZZANIGA, LOMBARDY, IT",4.983333333333333,21.55081593500288,30.292,0.4816666666666667,0.49527777777777776
4,1,2025-01-13 17:08:00+00:00,"THIEF RIVER FALLS, MINNESOTA, US",2,2025-01-13 18:10:00+00:00,"THIEF RIVER FALLS, MINNESOTA, US",1.0333333333333334,0.0,0.0,0.0,0.0
4,2,2025-01-13 18:10:00+00:00,"THIEF RIVER FALLS, MINNESOTA, US",3,2025-01-14 03:08:00+00:00,"FARGO, NORTH DAKOTA, US",8.966666666666667,145.49562648013878,182.102,2.4058333333333333,2.4475
4,3,2025-01-14 03:08:00+00:00,"FARGO, NORTH DAKOTA, US",4,2025-01-14 06:09:00+00:00,"LOUISVILLE, KENTUCKY, US",3.0166666666666666,1315.7667893029804,1514.223,13.510555555555555,13.551111111111112
4,4,2025-01-14 06:09:00+00:00,"LOUISVILLE, KENTUCKY, US",5,2025-01-14 11:07:00+00:00,"LOUISVILLE, KENTUCKY, US",4.966666666666667,0.0,0.0,0.0,0.0
4,5,2025-01-14 11:07:00+00:00,"LOUISVILLE, KENTUCKY, US",6,2025-01-14 18:46:00+00:00,"COLOGNE, NORTH RHINE-WESTPHALIA, DE",7.65,6999.566789901489,0.0,0.0,0.0
4,6,2025-01-14 18:46:00+00:00,"COLOGNE, NORTH RHINE-WESTPHALIA, DE",7,2025-01-14 22:21:00+00:00,"COLOGNE, NORTH RHINE-WESTPHALIA, DE",3.5833333333333335,0.0,0.0,0.0,0.0
4,7,2025-01-14 22:21:00+00:00,"COLOGNE, NORTH RHINE-WESTPHALIA, DE",8,2025-01-15 02:54:00+00:00,"SERIATE, LOMBARDY, IT",4.55,618.6780484499756,878.598,9.390555555555556,9.7175
4,8,2025-01-15 02:54:00+00:00,"SERIATE, LOMBARDY, IT",9,2025-01-15 04:25:00+00:00,"SERIATE, LOMBARDY, IT",1.5166666666666666,0.0,0.0,0.0,0.0
4,9,2025-01-15 04:25:00+00:00,"SERIATE, LOMBARDY, IT",10,2025-01-15 04:30:00+00:00,"TREVIOLO, LOMBARDY, IT",0.08333333333333333,8.892137250827256,11.636,0.24472222222222223,0.24888888888888888
4,10,2025-01-15 04:30:00+00:00,"TREVIOLO, LOMBARDY, IT",11,2025-01-15 06:02:00+00:00,"TREVIOLO, LOMBARDY, IT",1.5333333333333334,0.0,0.0,0.0,0.0
4,11,2025-01-15 06:02:00+00:00,"TREVIOLO, LOMBARDY, IT",12,2025-01-15 09:47:00+00:00,"GAZZANIGA, LOMBARDY, IT",3.75,21.55081593500288,30.292,0.4816666666666667,0.5822222222222222
5,1,2025-01-13 20:15:00+00:00,"GRAND PRAIRIE, TEXAS, US",2,2025-01-13 20:15:00+00:00,"GRAND PRAIRIE, TEXAS, US",0.0,0.0,0.0,0.0,0.0
5,2,2025-01-13 20:15:00+00:00,"GRAND PRAIRIE, TEXAS, US",3,2025-01-13 23:40:00+00:00,"MANSFIELD, TEXAS, US",3.4166666666666665,24.353222557983706,32.841,0.48055555555555557,0.5272222222222223
5,3,2025-01-13 23:40:00+00:00,"MANSFIELD, TEXAS, US",4,2025-01-14 00:15:00+00:00,"FORT WORTH, TEXAS, US",0.5833333333333334,24.621971211344505,34.414,0.42,0.5247222222222222
5,4,2025-01-14 00:15:00+00:00,"FORT WORTH, TEXAS, US",5,2025-01-14 03:09:00+00:00,"FORT WORTH, TEXAS, US",2.9,0.0,0.0,0.0,0.0
5,5,2025-01-14 03:09:00+00:00,"FORT WORTH, TEXAS, US",6,2025-01-14 04:14:00+00:00,"NEW YORK, NEW YORK, US",1.0833333333333333,2254.7648895329885,2548.047,22.531388888888888,22.80611111111111
5,6,2025-01-14 04:14:00+00:00,"NEW YORK, NEW YORK, US",7,2025-01-14 09:47:00+00:00,"NEW YORK, NEW YORK, US",5.55,0.0,0.0,0.0,0.0
5,7,2025-01-14 09:47:00+00:00,"NEW YORK, NEW YORK, US",8,2025-01-14 17:56:00+00:00,"PARIS, ÎLE-DE-FRANCE, FR",8.15,5852.736948257437,0.0,0.0,0.0
5,8,2025-01-14 17:56:00+00:00,"PARIS, ÎLE-DE-FRANCE, FR",9,2025-01-15 03:17:00+00:00,"PARIS, ÎLE-DE-FRANCE, FR",9.35,0.0,0.0,0.0,0.0
5,9,2025-01-15 03:17:00+00:00,"PARIS, ÎLE-DE-FRANCE, FR",10,2025-01-15 04:25:00+00:00,"LONATE POZZOLO, LOMBARDY, IT",1.1333333333333333,605.174553275843,841.809,9.467777777777778,9.550555555555556
5,10,2025-01-15 04:25:00+00:00,"LONATE POZZOLO, LOMBARDY, IT",11,2025-01-15 05:06:00+00:00,"LONATE POZZOLO, LOMBARDY, IT",0.6833333333333333,0.0,0.0,0.0,0.0
5,11,2025-01-15 05:06:00+00:00,"LONATE POZZOLO, LOMBARDY, IT",12,2025-01-15 08:04:00+00:00,"GRASSOBBIO, LOMBARDY, IT",2.966666666666667,76.27515106391795,93.101,1.2605555555555557,1.325
5,12,2025-01-15 08:04:00+00:00,"GRASSOBBIO, LOMBARDY, IT",13,2025-01-15 08:17:00+00:00,"GRASSOBBIO, LOMBARDY, IT",0.21666666666666667,0.0,0.0,0.0,0.0
5,13,2025-01-15 08:17:00+00:00,"GRASSOBBIO, LOMBARDY, IT",14,2025-01-15 11:49:00+00:00,"GAZZANIGA, LOMBARDY, IT",3.533333333333333,17.201432036857245,23.007,0.40555555555555556,0.4577777777777778
6,1,2025-01-13 19:15:00+00:00,"LEEDS, ENGLAND, GB",2,2025-01-13 19:45:00+00:00,"LEEDS, ENGLAND, GB",0.5,0.0,0.0,0.0,0.0
6,2,2025-01-13 19:45:00+00:00,"LEEDS, ENGLAND, GB",3,2025-01-13 21:21:00+00:00,"CASTLE DONINGTON, ENGLAND, GB",1.6,107.0087934889708,133.018,1.5191666666666668,1.5594444444444444
6,3,2025-01-13 21:21:00+00:00,"CASTLE DONINGTON, ENGLAND, GB",4,2025-01-13 22:25:00+00:00,"CASTLE DONINGTON, ENGLAND, GB",1.0666666666666667,0.0,0.0,0.0,0.0
6,4,2025-01-13 22:25:00+00:00,"CASTLE DONINGTON, ENGLAND, GB",5,2025-01-13 22:37:00+00:00,"COLOGNE, NORTH RHINE-WESTPHALIA, DE",0.2,608.7095111554528,788.316,8.773333333333333,9.049722222222222
6,5,2025-01-13 22:37:00+00:00,"COLOGNE, NORTH RHINE-WESTPHALIA, DE",6,2025-01-14 02:30:00+00:00,"COLOGNE, NORTH RHINE-WESTPHALIA, DE",3.8833333333333333,0.0,0.0,0.0,0.0
6,6,2025-01-14 02:30:00+00:00,"COLOGNE, NORTH RHINE-WESTPHALIA, DE",7,2025-01-14 03:20:00+00:00,"SERIATE, LOMBARDY, IT",0.8333333333333334,618.6780484499756,875.476,9.301388888888889,9.700833333333334
6,7,2025-01-14 03:20:00+00:00,"SERIATE, LOMBARDY, IT",8,2025-01-14 04:44:00+00:00,"SERIATE, LOMBARDY, IT",1.4,0.0,0.0,0.0,0.0
6,8,2025-01-14 04:44:00+00:00,"SERIATE, LOMBARDY, IT",9,2025-01-14 04:48:00+00:00,"TREVIOLO, LOMBARDY, IT",0.06666666666666667,8.892137250827256,11.636,0.24472222222222223,0.25166666666666665
6,9,2025-01-14 04:48:00+00:00,"TREVIOLO, LOMBARDY, IT",10,2025-01-14 05:09:00+00:00,"TREVIOLO, LOMBARDY, IT",0.35,0.0,0.0,0.0,0.0
6,10,2025-01-14 05:09:00+00:00,"TREVIOLO, LOMBARDY, IT",11,2025-01-14 08:42:00+00:00,"GAZZANIGA, LOMBARDY, IT",3.55,21.55081593500288,30.292,0.4816666666666667,0.5069444444444444
7,1,2025-01-16 13:44:00+00:00,"THIEF RIVER FALLS, MINNESOTA, US",2,2025-01-16 18:09:00+00:00,"THIEF RIVER FALLS, MINNESOTA, US",4.416666666666667,0.0,0.0,0.0,0.0
7,2,2025-01-16 18:09:00+00:00,"THIEF RIVER FALLS, MINNESOTA, US",3,2025-01-17 02:03:00+00:00,"FARGO, NORTH DAKOTA, US",7.9,145.49562648013878,182.102,2.4058333333333333,2.4494444444444445
7,3,2025-01-17 02:03:00+00:00,"FARGO, NORTH DAKOTA, US",4,2025-01-17 05:10:00+00:00,"LOUISVILLE, KENTUCKY, US",3.1166666666666667,1315.7667893029804,1514.223,13.510555555555555,13.53111111111111
7,4,2025-01-17 05:10:00+00:00,"LOUISVILLE, KENTUCKY, US",5,2025-01-17 09:19:00+00:00,"LOUISVILLE, KENTUCKY, US",4.15,0.0,0.0,0.0,0.0
7,5,2025-01-17 09:19:00+00:00,"LOUISVILLE, KENTUCKY, US",6,2025-01-17 17:07:00+00:00,"COLOGNE, NORTH RHINE-WESTPHALIA, DE",7.8,6999.566789901489,0.0,0.0,0.0
7,6,2025-01-17 17:07:00+00:00,"COLOGNE, NORTH RHINE-WESTPHALIA, DE",7,2025-01-20 00:00:00+00:00,"COLOGNE, NORTH RHINE-WESTPHALIA, DE",54.88333333333333,0.0,0.0,0.0,0.0
7,7,2025-01-20 00:00:00+00:00,"COLOGNE, NORTH RHINE-WESTPHALIA, DE",8,2025-01-20 01:05:00+00:00,"SERIATE, LOMBARDY, IT",1.0833333333333333,618.6780484499756,875.476,9.301388888888889,9.585277777777778
7,8,2025-01-20 01:05:00+00:00,"SERIATE, LOMBARDY, IT",9,2025-01-20 02:43:00+00:00,"SERIATE, LOMBARDY, IT",1.6333333333333333,0.0,0.0,0.0,0.0
7,9,2025-01-20 02:43:00+00:00,"SERIATE, LOMBARDY, IT",10,2025-01-20 04:20:00+00:00,"TREVIOLO, LOMBARDY, IT",1.6166666666666667,8.892137250827256,11.636,0.24472222222222223,0.24472222222222223
7,10,2025-01-20 04:20:00+00:00,"TREVIOLO, LOMBARDY, IT",11,2025-01-20 04:44:00+00:00,"TREVIOLO, LOMBARDY, IT",0.4,0.0,0.0,0.0,0.0
7,11,2025-01-20 04:44:00+00:00,"TREVIOLO, LOMBARDY, IT",12,2025-01-20 09:23:00+00:00,"GAZZANIGA, LOMBARDY, IT",4.65,21.55081593500288,30.292,0.4816666666666667,0.495
8,1,2025-01-22 02:48:00+00:00,"GRAND PRAIRIE, TEXAS, US",2,2025-01-22 03:00:00+00:00,"MANSFIELD, TEXAS, US",0.2,24.353222557983706,31.243,0.49194444444444446,0.5055555555555555
8,2,2025-01-22 03:00:00+00:00,"MANSFIELD, TEXAS, US",3,2025-01-22 07:30:00+00:00,"NEW YORK, NEW YORK, US",4.5,2249.2206281446192,2549.739,22.600833333333334,22.914722222222224
8,3,2025-01-22 07:30:00+00:00,"NEW YORK, NEW YORK, US",4,2025-01-22 10:08:00+00:00,"NEW YORK, NEW YORK, US",2.6333333333333333,0.0,0.0,0.0,0.0
8,4,2025-01-22 10:08:00+00:00,"NEW YORK, NEW YORK, US",5,2025-01-22 17:50:00+00:00,"PARIS, ÎLE-DE-FRANCE, FR",7.7,5852.736948257437,0.0,0.0,0.0
8,5,2025-01-22 17:50:00+00:00,"PARIS, ÎLE-DE-FRANCE, FR",6,2025-01-23 03:20:00+00:00,"PARIS, ÎLE-DE-FRANCE, FR",9.5,0.0,0.0,0.0,0.0
8,6,2025-01-23 03:20:00+00:00,"PARIS, ÎLE-DE-FRANCE, FR",7,2025-01-23 04:24:00+00:00,"LONATE POZZOLO, LOMBARDY, IT",1.0666666666666667,605.174553275843,841.811,9.46888888888889,9.552222222222222
8,7,2025-01-23 04:24:00+00:00,"LONATE POZZOLO, LOMBARDY, IT",8,2025-01-23 06:24:00+00:00,"LONATE POZZOLO, LOMBARDY, IT",2.0,0.0,0.0,0.0,0.0
8,8,2025-01-23 06:24:00+00:00,"LONATE POZZOLO, LOMBARDY, IT",9,2025-01-23 07:51:00+00:00,"GRASSOBBIO, LOMBARDY, IT",1.45,76.27515106391795,93.101,1.2605555555555557,1.6027777777777779
8,9,2025-01-23 07:51:00+00:00,"GRASSOBBIO, LOMBARDY, IT",10,2025-01-23 08:49:00+00:00,"GRASSOBBIO, LOMBARDY, IT",0.9666666666666667,0.0,0.0,0.0,0.0
8,10,2025-01-23 08:49:00+00:00,"GRASSOBBIO, LOMBARDY, IT",11,2025-01-23 13:30:00+00:00,"GAZZANIGA, LOMBARDY, IT",4.683333333333334,17.201432036857245,23.007,0.40555555555555556,0.46055555555555555
9,1,2025-01-21 15:43:00+00:00,"THIEF RIVER FALLS, MINNESOTA, US",2,2025-01-21 18:10:00+00:00,"THIEF RIVER FALLS, MINNESOTA, US",2.45,0.0,0.0,0.0,0.0
9,2,2025-01-21 18:10:00+00:00,"THIEF RIVER FALLS, MINNESOTA, US",3,2025-01-22 02:26:00+00:00,"FARGO, NORTH DAKOTA, US",8.266666666666667,145.49562648013878,182.102,2.4058333333333333,2.450277777777778
9,3,2025-01-22 02:26:00+00:00,"FARGO, NORTH DAKOTA, US",4,2025-01-22 05:28:00+00:00,"LOUISVILLE, KENTUCKY, US",3.033333333333333,1315.7667893029804,1514.223,13.510555555555555,13.541944444444445
9,4,2025-01-22 05:28:00+00:00,"LOUISVILLE, KENTUCKY, US",5,2025-01-22 10:34:00+00:00,"LOUISVILLE, KENTUCKY, US",5.1,0.0,0.0,0.0,0.0
9,5,2025-01-22 10:34:00+00:00,"LOUISVILLE, KENTUCKY, US",6,2025-01-22 17:40:00+00:00,"COLOGNE, NORTH RHINE-WESTPHALIA, DE",7.1,6999.566789901489,0.0,0.0,0.0
9,6,2025-01-22 17:40:00+00:00,"COLOGNE, NORTH RHINE-WESTPHALIA, DE",7,2025-01-23 01:40:00+00:00,"COLOGNE, NORTH RHINE-WESTPHALIA, DE",8.0,0.0,0.0,0.0,0.0
9,7,2025-01-23 01:40:00+00:00,"COLOGNE, NORTH RHINE-WESTPHALIA, DE",8,2025-01-23 02:55:00+00:00,"SERIATE, LOMBARDY, IT",1.25,618.6780484499756,875.476,9.301388888888889,9.746944444444445
9,8,2025-01-23 02:55:00+00:00,"SERIATE, LOMBARDY, IT",9,2025-01-23 04:57:00+00:00,"SERIATE, LOMBARDY, IT",2.033333333333333,0.0,0.0,0.0,0.0
9,9,2025-01-23 04:57:00+00:00,"SERIATE, LOMBARDY, IT",10,2025-01-23 04:59:00+00:00,"TREVIOLO, LOMBARDY, IT",0.03333333333333333,8.892137250827256,11.636,0.24472222222222223,0.25416666666666665
9,10,2025-01-23 04:59:00+00:00,"TREVIOLO, LOMBARDY, IT",11,2025-01-23 06:12:00+00:00,"TREVIOLO, LOMBARDY, IT",1.2166666666666666,0.0,0.0,0.0,0.0
9,11,2025-01-23 06:12:00+00:00,"TREVIOLO, LOMBARDY, IT",12,2025-01-23 09:59:00+00:00,"GAZZANIGA, LOMBARDY, IT",3.783333333333333,21.55081593500288,30.292,0.4816666666666667,0.6075
10,1,2025-01-21 18:46:00+00:00,"LEEDS, ENGLAND, GB",2,2025-01-21 19:45:00+00:00,"LEEDS, ENGLAND, GB",0.9833333333333333,0.0,0.0,0.0,0.0
10,2,2025-01-21 19:45:00+00:00,"LEEDS, ENGLAND, GB",3,2025-01-22 02:17:00+00:00,"CASTLE DONINGTON, ENGLAND, GB",6.533333333333333,107.0087934889708,133.018,1.5191666666666668,1.5658333333333334
10,3,2025-01-22 02:17:00+00:00,"CASTLE DONINGTON, ENGLAND, GB",4,2025-01-22 21:48:00+00:00,"CASTLE DONINGTON, ENGLAND, GB",19.516666666666666,0.0,0.0,0.0,0.0
10,4,2025-01-22 21:48:00+00:00,"CASTLE DONINGTON, ENGLAND, GB",5,2025-01-22 22:10:00+00:00,"COLOGNE, NORTH RHINE-WESTPHALIA, DE",0.36666666666666664,608.7095111554528,788.316,8.773333333333333,8.93
10,5,2025-01-22 22:10:00+00:00,"COLOGNE, NORTH RHINE-WESTPHALIA, DE",6,2025-01-23 00:40:00+00:00,"COLOGNE, NORTH RHINE-WESTPHALIA, DE",2.5,0.0,0.0,0.0,0.0
10,6,2025-01-23 00:40:00+00:00,"COLOGNE, NORTH RHINE-WESTPHALIA, DE",7,2025-01-23 01:55:00+00:00,"SERIATE, LOMBARDY, IT",1.25,618.6780484499756,875.476,9.301388888888889,9.673055555555555
10,7,2025-01-23 01:55:00+00:00,"SERIATE, LOMBARDY, IT",8,2025-01-23 03:57:00+00:00,"SERIATE, LOMBARDY, IT",2.033333333333333,0.0,0.0,0.0,0.0
10,8,2025-01-23 03:57:00+00:00,"SERIATE, LOMBARDY, IT",9,2025-01-23 03:59:00+00:00,"TREVIOLO, LOMBARDY, IT",0.03333333333333333,8.892137250827256,11.636,0.24472222222222223,0.2477777777777778
10,9,2025-01-23 03:59:00+00:00,"TREVIOLO, LOMBARDY, IT",10,2025-01-23 06:07:00+00:00,"TREVIOLO, LOMBARDY, IT",2.1333333333333333,0.0,0.0,0.0,0.0
10,10,2025-01-23 06:07:00+00:00,"TREVIOLO, LOMBARDY, IT",11,2025-01-23 08:59:00+00:00,"GAZZANIGA, LOMBARDY, IT",2.8666666666666667,21.55081593500288,30.292,0.4816666666666667,0.5963888888888889
11,1,2025-01-31 15:41:00+00:00,"BRATISLAVA, BRATISLAVA REGION, SK",2,2025-01-31 18:15:00+00:00,"BRATISLAVA, BRATISLAVA REGION, SK",2.566666666666667,0.0,0.0,0.0,0.0
11,2,2025-01-31 18:15:00+00:00,"BRATISLAVA, BRATISLAVA REGION, SK",3,2025-01-31 21:58:00+00:00,"BRATISLAVA, BRATISLAVA REGION, SK",3.716666666666667,0.0,0.0,0.0,0.0
11,3,2025-01-31 21:58:00+00:00,"BRATISLAVA, BRATISLAVA REGION, SK",4,2025-01-31 23:26:00+00:00,"LEIPZIG, SAXONY, DE",1.4666666666666666,492.2401961771291,597.003,5.952222222222222,5.958888888888889
11,4,2025-01-31 23:26:00+00:00,"LEIPZIG, SAXONY, DE",5,2025-02-03 00:28:00+00:00,"LEIPZIG, SAXONY, DE",49.03333333333333,0.0,0.0,0.0,0.0
11,5,2025-02-03 00:28:00+00:00,"LEIPZIG, SAXONY, DE",6,2025-02-03 02:15:00+00:00,"BRESCIA, LOMBARDY, IT",1.7833333333333334,664.7548532388024,899.247,10.032222222222222,10.136111111111111
11,6,2025-02-03 02:15:00+00:00,"BRESCIA, LOMBARDY, IT",7,2025-02-03 03:44:00+00:00,"BRESCIA, LOMBARDY, IT",1.4833333333333334,0.0,0.0,0.0,0.0
11,7,2025-02-03 03:44:00+00:00,"BRESCIA, LOMBARDY, IT",8,2025-02-03 04:35:00+00:00,"BERGAMO, LOMBARDY, IT",0.85,46.27743840379541,54.003,0.8108333333333333,0.8161111111111111
11,8,2025-02-03 04:35:00+00:00,"BERGAMO, LOMBARDY, IT",9,2025-02-03 08:05:00+00:00,"BERGAMO, LOMBARDY, IT",3.5,0.0,0.0,0.0,0.0
11,9,2025-02-03 08:05:00+00:00,"BERGAMO, LOMBARDY, IT",10,2025-02-03 10:24:00+00:00,"GAZZANIGA, LOMBARDY, IT",2.316666666666667,16.64796869542368,18.407,0.39111111111111113,0.4752777777777778
12,1,2025-01-24 23:07:00+00:00,"GRAND PRAIRIE, TEXAS, US",2,2025-01-24 23:07:00+00:00,"GRAND PRAIRIE, TEXAS, US",0.0,0.0,0.0,0.0,0.0
12,2,2025-01-24 23:07:00+00:00,"GRAND PRAIRIE, TEXAS, US",3,2025-01-24 23:40:00+00:00,"MANSFIELD, TEXAS, US",0.55,24.353222557983706,32.841,0.48055555555555557,0.64
12,3,2025-01-24 23:40:00+00:00,"MANSFIELD, TEXAS, US",4,2025-01-25 04:30:00+00:00,"NEW YORK, NEW YORK, US",4.833333333333333,2249.2206281446192,2549.733,22.61277777777778,23.129166666666666
12,4,2025-01-25 04:30:00+00:00,"NEW YORK, NEW YORK, US",5,2025-01-25 11:17:00+00:00,"NEW YORK, NEW YORK, US",6.783333333333333,0.0,0.0,0.0,0.0
12,5,2025-01-25 11:17:00+00:00,"NEW YORK, NEW YORK, US",6,2025-01-25 19:06:00+00:00,"PARIS, ÎLE-DE-FRANCE, FR",7.816666666666666,5852.736948257437,0.0,0.0,0.0
12,6,2025-01-25 19:06:00+00:00,"PARIS, ÎLE-DE-FRANCE, FR",7,2025-01-26 01:45:00+00:00,"PARIS, ÎLE-DE-FRANCE, FR",6.65,0.0,0.0,0.0,0.0
12,7,2025-01-26 01:45:00+00:00,"PARIS, ÎLE-DE-FRANCE, FR",8,2025-01-26 14:45:00+00:00,"LONATE POZZOLO, LOMBARDY, IT",13.0,605.174553275843,841.809,9.467777777777778,9.509166666666667
12,8,2025-01-26 14:45:00+00:00,"LONATE POZZOLO, LOMBARDY, IT",9,2025-01-28 04:40:00+00:00,"LONATE POZZOLO, LOMBARDY, IT",37.916666666666664,0.0,0.0,0.0,0.0
12,9,2025-01-28 04:40:00+00:00,"LONATE POZZOLO, LOMBARDY, IT",10,2025-01-28 07:53:00+00:00,"GRASSOBBIO, LOMBARDY, IT",3.216666666666667,76.27515106391795,93.101,1.2605555555555557,1.29
12,10,2025-01-28 07:53:00+00:00,"GRASSOBBIO, LOMBARDY, IT",11,2025-01-28 08:32:00+00:00,"GRASSOBBIO, LOMBARDY, IT",0.65,0.0,0.0,0.0,0.0
12,11,2025-01-28 08:32:00+00:00,"GRASSOBBIO, LOMBARDY, IT",12,2025-01-28 11:50:00+00:00,"GAZZANIGA, LOMBARDY, IT",3.3,17.201432036857245,23.007,0.40555555555555556,0.4533333333333333
13,1,2025-02-04 17:33:00+00:00,"GDANSK, POMERANIA, PL",2,2025-02-04 20:34:00+00:00,"GDANSK, POMERANIA, PL",3.0166666666666666,0.0,0.0,0.0,0.0
13,2,2025-02-04 20:34:00+00:00,"GDANSK, POMERANIA, PL",3,2025-02-04 21:24:00+00:00,"GDANSK, POMERANIA, PL",0.8333333333333334,0.0,0.0,0.0,0.0
13,3,2025-02-04 21:24:00+00:00,"GDANSK, POMERANIA, PL",4,2025-02-04 23:20:00+00:00,"LEIPZIG, SAXONY, DE",1.9333333333333333,539.3835871072146,728.028,8.37861111111111,8.436944444444444
13,4,2025-02-04 23:20:00+00:00,"LEIPZIG, SAXONY, DE",5,2025-02-05 03:53:00+00:00,"LEIPZIG, SAXONY, DE",4.55,0.0,0.0,0.0,0.0
13,5,2025-02-05 03:53:00+00:00,"LEIPZIG, SAXONY, DE",6,2025-02-05 05:28:00+00:00,"BRESCIA, LOMBARDY, IT",1.5833333333333333,664.7548532388024,899.247,10.001111111111111,10.167222222222222
13,6,2025-02-05 05:28:00+00:00,"BRESCIA, LOMBARDY, IT",7,2025-02-05 06:13:00+00:00,"BRESCIA, LOMBARDY, IT",0.75,0.0,0.0,0.0,0.0
13,7,2025-02-05 06:13:00+00:00,"BRESCIA, LOMBARDY, IT",8,2025-02-05 07:12:00+00:00,"BERGAMO, LOMBARDY, IT",0.9833333333333333,46.27743840379541,54.003,0.8108333333333333,0.9308333333333333
13,8,2025-02-05 07:12:00+00:00,"BERGAMO, LOMBARDY, IT",9,2025-02-05 08:05:00+00:00,"BERGAMO, LOMBARDY, IT",0.8833333333333333,0.0,0.0,0.0,0.0
13,9,2025-02-05 08:05:00+00:00,"BERGAMO, LOMBARDY, IT",10,2025-02-05 14:59:00+00:00,"GAZZANIGA, LOMBARDY, IT",6.9,16.64796869542368,18.407,0.39111111111111113,0.48388888888888887
14,1,2025-02-05 17:32:00+00:00,"GDANSK, POMERANIA, PL",2,2025-02-05 20:34:00+00:00,"GDANSK, POMERANIA, PL",3.033333333333333,0.0,0.0,0.0,0.0
14,2,2025-02-05 20:34:00+00:00,"GDANSK, POMERANIA, PL",3,2025-02-05 21:24:00+00:00,"GDANSK, POMERANIA, PL",0.8333333333333334,0.0,0.0,0.0,0.0
14,3,2025-02-05 21:24:00+00:00,"GDANSK, POMERANIA, PL",4,2025-02-05 23:01:00+00:00,"LEIPZIG, SAXONY, DE",1.6166666666666667,539.3835871072146,728.028,8.37861111111111,8.435555555555556
14,4,2025-02-05 23:01:00+00:00,"LEIPZIG, SAXONY, DE",5,2025-02-06 03:31:00+00:00,"LEIPZIG, SAXONY, DE",4.5,0.0,0.0,0.0,0.0
14,5,2025-02-06 03:31:00+00:00,"LEIPZIG, SAXONY, DE",6,2025-02-06 05:03:00+00:00,"BRESCIA, LOMBARDY, IT",1.5333333333333334,664.7548532388024,899.247,9.999444444444444,10.145277777777778
14,6,2025-02-06 05:03:00+00:00,"BRESCIA, LOMBARDY, IT",7,2025-02-06 06:12:00+00:00,"BRESCIA, LOMBARDY, IT",1.15,0.0,0.0,0.0,0.0
14,7,2025-02-06 06:12:00+00:00,"BRESCIA, LOMBARDY, IT",8,2025-02-06 07:12:00+00:00,"BERGAMO, LOMBARDY, IT",1.0,46.27743840379541,54.003,0.8108333333333333,0.9375
14,8,2025-02-06 07:12:00+00:00,"BERGAMO, LOMBARDY, IT",9,2025-02-06 08:14:00+00:00,"BERGAMO, LOMBARDY, IT",1.0333333333333334,0.0,0.0,0.0,0.0
14,9,2025-02-06 08:14:00+00:00,"BERGAMO, LOMBARDY, IT",10,2025-02-06 10:47:00+00:00,"GAZZANIGA, LOMBARDY, IT",2.55,16.64796869542368,18.407,0.39111111111111113,0.49416666666666664
15,1,2025-02-03 17:27:00+00:00,"GDANSK, POMERANIA, PL",2,2025-02-03 20:33:00+00:00,"GDANSK, POMERANIA, PL",3.1,0.0,0.0,0.0,0.0
15,2,2025-02-03 20:33:00+00:00,"GDANSK, POMERANIA, PL",3,2025-02-03 21:11:00+00:00,"GDANSK, POMERANIA, PL",0.6333333333333333,0.0,0.0,0.0,0.0
15,3,2025-02-03 21:11:00+00:00,"GDANSK, POMERANIA, PL",4,2025-02-03 23:15:00+00:00,"LEIPZIG, SAXONY, DE",2.066666666666667,539.3835871072146,728.028,8.37861111111111,8.427222222222222
15,4,2025-02-03 23:15:00+00:00,"LEIPZIG, SAXONY, DE",5,2025-02-04 03:51:00+00:00,"LEIPZIG, SAXONY, DE",4.6,0.0,0.0,0.0,0.0
15,5,2025-02-04 03:51:00+00:00,"LEIPZIG, SAXONY, DE",6,2025-02-04 05:48:00+00:00,"BRESCIA, LOMBARDY, IT",1.95,664.7548532388024,899.247,10.004444444444445,10.177777777777777
15,6,2025-02-04 05:48:00+00:00,"BRESCIA, LOMBARDY, IT",7,2025-02-04 06:48:00+00:00,"BRESCIA, LOMBARDY, IT",1.0,0.0,0.0,0.0,0.0
15,7,2025-02-04 06:48:00+00:00,"BRESCIA, LOMBARDY, IT",8,2025-02-04 07:50:00+00:00,"BERGAMO, LOMBARDY, IT",1.0333333333333334,46.27743840379541,57.278,0.8405555555555555,0.9605555555555556
15,8,2025-02-04 07:50:00+00:00,"BERGAMO, LOMBARDY, IT",9,2025-02-04 08:09:00+00:00,"BERGAMO, LOMBARDY, IT",0.31666666666666665,0.0,0.0,0.0,0.0
15,9,2025-02-04 08:09:00+00:00,"BERGAMO, LOMBARDY, IT",10,2025-02-04 10:37:00+00:00,"GAZZANIGA, LOMBARDY, IT",2.466666666666667,16.64796869542368,18.407,0.39111111111111113,0.48444444444444446
16,1,2025-01-27 20:53:00+00:00,"GRAND PRAIRIE, TEXAS, US",2,2025-01-27 20:53:00+00:00,"GRAND PRAIRIE, TEXAS, US",0.0,0.0,0.0,0.0,0.0
16,2,2025-01-27 20:53:00+00:00,"GRAND PRAIRIE, TEXAS, US",3,2025-01-27 23:28:00+00:00,"MANSFIELD, TEXAS, US",2.5833333333333335,24.353222557983706,32.841,0.48055555555555557,0.5411111111111111
16,3,2025-01-27 23:28:00+00:00,"MANSFIELD, TEXAS, US",4,2025-01-28 00:30:00+00:00,"FORT WORTH, TEXAS, US",1.0333333333333334,24.621971211344505,34.414,0.42,0.5383333333333333
16,4,2025-01-28 00:30:00+00:00,"FORT WORTH, TEXAS, US",5,2025-01-28 03:05:00+00:00,"FORT WORTH, TEXAS, US",2.5833333333333335,0.0,0.0,0.0,0.0
16,5,2025-01-28 03:05:00+00:00,"FORT WORTH, TEXAS, US",6,2025-01-28 04:15:00+00:00,"NEW YORK, NEW YORK, US",1.1666666666666667,2254.7648895329885,2548.047,22.531388888888888,22.80472222222222
16,6,2025-01-28 04:15:00+00:00,"NEW YORK, NEW YORK, US",7,2025-01-28 09:43:00+00:00,"NEW YORK, NEW YORK, US",5.466666666666667,0.0,0.0,0.0,0.0
16,7,2025-01-28 09:43:00+00:00,"NEW YORK, NEW YORK, US",8,2025-01-28 17:38:00+00:00,"PARIS, ÎLE-DE-FRANCE, FR",7.916666666666667,5852.736948257437,0.0,0.0,0.0
16,8,2025-01-28 17:38:00+00:00,"PARIS, ÎLE-DE-FRANCE, FR",9,2025-01-29 03:15:00+00:00,"PARIS, ÎLE-DE-FRANCE, FR",9.616666666666667,0.0,0.0,0.0,0.0
16,9,2025-01-29 03:15:00+00:00,"PARIS, ÎLE-DE-FRANCE, FR",10,2025-01-29 04:21:00+00:00,"LONATE POZZOLO, LOMBARDY, IT",1.1,605.174553275843,841.809,9.467777777777778,9.55
16,10,2025-01-29 04:21:00+00:00,"LONATE POZZOLO, LOMBARDY, IT",11,2025-01-29 05:08:00+00:00,"LONATE POZZOLO, LOMBARDY, IT",0.7833333333333333,0.0,0.0,0.0,0.0
16,11,2025-01-29 05:08:00+00:00,"LONATE POZZOLO, LOMBARDY, IT",12,2025-01-29 07:53:00+00:00,"GRASSOBBIO, LOMBARDY, IT",2.75,76.27515106391795,93.101,1.2605555555555557,1.3316666666666668
16,12,2025-01-29 07:53:00+00:00,"GRASSOBBIO, LOMBARDY, IT",13,2025-01-29 08:30:00+00:00,"GRASSOBBIO, LOMBARDY, IT",0.6166666666666667,0.0,0.0,0.0,0.0
16,13,2025-01-29 08:30:00+00:00,"GRASSOBBIO, LOMBARDY, IT",14,2025-01-29 11:03:00+00:00,"GAZZANIGA, LOMBARDY, IT",2.55,17.201432036857245,23.007,0.40555555555555556,0.455
17,1,2025-02-05 10:08:00+00:00,"ZHUHAI, GUANGDONG, CN",2,2025-02-05 11:14:00+00:00,"ZHUHAI, GUANGDONG, CN",1.1,0.0,0.0,0.0,0.0
17,2,2025-02-05 11:14:00+00:00,"ZHUHAI, GUANGDONG, CN",3,2025-02-06 14:09:00+00:00,"GUANGZHOU, GUANGDONG, CN",26.916666666666668,98.55731721883247,130.386,1.8894444444444445,1.8894444444444445
17,3,2025-02-06 14:09:00+00:00,"GUANGZHOU, GUANGDONG, CN",4,2025-02-06 22:18:00+00:00,"GUANGZHOU, GUANGDONG, CN",8.15,0.0,0.0,0.0,0.0
17,4,2025-02-06 22:18:00+00:00,"GUANGZHOU, GUANGDONG, CN",5,2025-02-07 04:45:00+00:00,"NEW DELHI, DELHI, IN",6.45,3648.9834004092745,0.0,0.0,0.0
17,5,2025-02-07 04:45:00+00:00,"NEW DELHI, DELHI, IN",6,2025-02-07 04:53:00+00:00,"NEW DELHI, DELHI, IN",0.13333333333333333,0.0,0.0,0.0,0.0
17,6,2025-02-07 04:53:00+00:00,"NEW DELHI, DELHI, IN",7,2025-02-07 09:59:00+00:00,"DUBAI, DUBAI, AE",5.1,2208.955098978249,0.0,0.0,0.0
17,7,2025-02-07 09:59:00+00:00,"DUBAI, DUBAI, AE",8,2025-02-07 10:00:00+00:00,"DUBAI, DUBAI, AE",0.016666666666666666,0.0,0.0,0.0,0.0
17,8,2025-02-07 10:00:00+00:00,"DUBAI, DUBAI, AE",9,2025-02-07 18:19:00+00:00,"PARIS, ÎLE-DE-FRANCE, FR",8.316666666666666,5266.111677625209,6934.205,87.03305555555555,87.25611111111111
17,9,2025-02-07 18:19:00+00:00,"PARIS, ÎLE-DE-FRANCE, FR",10,2025-02-08 00:45:00+00:00,"PARIS, ÎLE-DE-FRANCE, FR",6.433333333333334,0.0,0.0,0.0,0.0
17,10,2025-02-08 00:45:00+00:00,"PARIS, ÎLE-DE-FRANCE, FR",11,2025-02-09 09:00:00+00:00,"LONATE POZZOLO, LOMBARDY, IT",32.25,605.174553275843,841.811,9.46888888888889,9.536388888888888
17,11,2025-02-09 09:00:00+00:00,"LONATE POZZOLO, LOMBARDY, IT",12,2025-02-09 19:30:00+00:00,"LONATE POZZOLO, LOMBARDY, IT",10.5,0.0,0.0,0.0,0.0
17,12,2025-02-09 19:30:00+00:00,"LONATE POZZOLO, LOMBARDY, IT",13,2025-02-10 07:15:00+00:00,"GRASSOBBIO, LOMBARDY, IT",11.75,76.27515106391795,93.101,1.2605555555555557,1.2683333333333333
17,13,2025-02-10 07:15:00+00:00,"GRASSOBBIO, LOMBARDY, IT",14,2025-02-10 08:27:00+00:00,"GRASSOBBIO, LOMBARDY, IT",1.2,0.0,0.0,0.0,0.0
17,14,2025-02-10 08:27:00+00:00,"GRASSOBBIO, LOMBARDY, IT",15,2025-02-10 09:19:00+00:00,"GAZZANIGA, LOMBARDY, IT",0.8666666666666667,17.201432036857245,23.007,0.40555555555555556,0.4508333333333333
18,1,2025-01-30 09:30:00+00:00,"WARSAW, MAZOVIA, PL",2,2025-01-30 18:24:00+00:00,"WARSAW, MAZOVIA, PL",8.9,0.0,0.0,0.0,0.0
18,2,2025-01-30 18:24:00+00:00,"WARSAW, MAZOVIA, PL",3,2025-01-30 21:08:00+00:00,"WARSAW, MAZOVIA, PL",2.7333333333333334,0.0,0.0,0.0,0.0
18,3,2025-01-30 21:08:00+00:00,"WARSAW, MAZOVIA, PL",4,2025-01-30 22:42:00+00:00,"LEIPZIG, SAXONY, DE",1.5666666666666667,604.0450935218105,731.481,8.400833333333333,8.431666666666667
18,4,2025-01-30 22:42:00+00:00,"LEIPZIG, SAXONY, DE",5,2025-01-31 03:22:00+00:00,"LEIPZIG, SAXONY, DE",4.666666666666667,0.0,0.0,0.0,0.0
18,5,2025-01-31 03:22:00+00:00,"LEIPZIG, SAXONY, DE",6,2025-01-31 04:52:00+00:00,"BRESCIA, LOMBARDY, IT",1.5,664.7548532388024,899.247,9.999444444444444,10.12138888888889
18,6,2025-01-31 04:52:00+00:00,"BRESCIA, LOMBARDY, IT",7,2025-01-31 06:06:00+00:00,"BRESCIA, LOMBARDY, IT",1.2333333333333334,0.0,0.0,0.0,0.0
18,7,2025-01-31 06:06:00+00:00,"BRESCIA, LOMBARDY, IT",8,2025-01-31 07:03:00+00:00,"BERGAMO, LOMBARDY, IT",0.95,46.27743840379541,54.003,0.8108333333333333,0.9125
18,8,2025-01-31 07:03:00+00:00,"BERGAMO, LOMBARDY, IT",9,2025-01-31 08:19:00+00:00,"BERGAMO, LOMBARDY, IT",1.2666666666666666,0.0,0.0,0.0,0.0
18,9,2025-01-31 08:19:00+00:00,"BERGAMO, LOMBARDY, IT",10,2025-01-31 10:32:00+00:00,"GAZZANIGA, LOMBARDY, IT",2.216666666666667,16.64796869542368,18.407,0.39111111111111113,0.485
19,1,2025-02-10 10:29:00+00:00,"HO CHI MINH CITY, HO CHI MINH, VN",2,2025-02-10 13:30:00+00:00,"HO CHI MINH CITY, HO CHI MINH, VN",3.0166666666666666,0.0,0.0,0.0,0.0
19,2,2025-02-10 13:30:00+00:00,"HO CHI MINH CITY, HO CHI MINH, VN",3,2025-02-10 14:55:00+00:00,"HO CHI MINH CITY, HO CHI MINH, VN",1.4166666666666667,0.0,0.0,0.0,0.0
19,3,2025-02-10 14:55:00+00:00,"HO CHI MINH CITY, HO CHI MINH, VN",4,2025-02-10 19:48:00+00:00,"HONG KONG, UNKNOWN, HK",4.883333333333334,1500.9635568023793,2942.685,47.83083333333333,49.06861111111111
19,4,2025-02-10 19:48:00+00:00,"HONG KONG, UNKNOWN, HK",5,2025-02-10 23:41:00+00:00,"HONG KONG, UNKNOWN, HK",3.8833333333333333,0.0,0.0,0.0,0.0
19,5,2025-02-10 23:41:00+00:00,"HONG KONG, UNKNOWN, HK",6,2025-02-11 18:04:00+00:00,"COLOGNE, NORTH RHINE-WESTPHALIA, DE",18.383333333333333,9246.396199391147,0.0,0.0,0.0
19,6,2025-02-11 18:04:00+00:00,"COLOGNE, NORTH RHINE-WESTPHALIA, DE",7,2025-02-12 23:49:00+00:00,"COLOGNE, NORTH RHINE-WESTPHALIA, DE",29.75,0.0,0.0,0.0,0.0
19,7,2025-02-12 23:49:00+00:00,"COLOGNE, NORTH RHINE-WESTPHALIA, DE",8,2025-02-13 01:30:00+00:00,"LEIPZIG, SAXONY, DE",1.6833333333333333,382.0374506634981,500.591,5.217777777777778,5.2275
19,8,2025-02-13 01:30:00+00:00,"LEIPZIG, SAXONY, DE",9,2025-02-13 04:48:00+00:00,"LEIPZIG, SAXONY, DE",3.3,0.0,0.0,0.0,0.0
19,9,2025-02-13 04:48:00+00:00,"LEIPZIG, SAXONY, DE",10,2025-02-13 06:49:00+00:00,"PARIS, ÎLE-DE-FRANCE, FR",2.0166666666666666,767.8233065852065,959.311,9.9075,10.2
19,10,2025-02-13 06:49:00+00:00,"PARIS, ÎLE-DE-FRANCE, FR",11,2025-02-13 22:58:00+00:00,"PARIS, ÎLE-DE-FRANCE, FR",16.15,0.0,0.0,0.0,0.0
19,11,2025-02-13 22:58:00+00:00,"PARIS, ÎLE-DE-FRANCE, FR",12,2025-02-14 02:05:00+00:00,"LEIPZIG, SAXONY, DE",3.1166666666666667,767.8233065852065,959.263,9.8925,9.963333333333333
19,12,2025-02-14 02:05:00+00:00,"LEIPZIG, SAXONY, DE",13,2025-02-17 01:11:00+00:00,"LEIPZIG, SAXONY, DE",71.1,0.0,0.0,0.0,0.0
19,13,2025-02-17 01:11:00+00:00,"LEIPZIG, SAXONY, DE",14,2025-02-17 03:37:00+00:00,"BRESCIA, LOMBARDY, IT",2.433333333333333,664.7548532388024,899.247,10.029722222222222,10.143888888888888
19,14,2025-02-17 03:37:00+00:00,"BRESCIA, LOMBARDY, IT",15,2025-02-17 05:11:00+00:00,"BRESCIA, LOMBARDY, IT",1.5666666666666667,0.0,0.0,0.0,0.0
19,15,2025-02-17 05:11:00+00:00,"BRESCIA, LOMBARDY, IT",16,2025-02-17 06:14:00+00:00,"BERGAMO, LOMBARDY, IT",1.05,46.27743840379541,53.977,0.8125,0.8475
19,16,2025-02-17 06:14:00+00:00,"BERGAMO, LOMBARDY, IT",17,2025-02-17 11:36:00+00:00,"GAZZANIGA, LOMBARDY, IT",5.366666666666666,16.64796869542368,18.407,0.39111111111111113,0.4577777777777778
20,1,2025-01-31 19:03:00+00:00,"LEEDS, ENGLAND, GB",2,2025-01-31 19:45:00+00:00,"LEEDS, ENGLAND, GB",0.7,0.0,0.0,0.0,0.0
20,2,2025-01-31 19:45:00+00:00,"LEEDS, ENGLAND, GB",3,2025-01-31 21:01:00+00:00,"CASTLE DONINGTON, ENGLAND, GB",1.2666666666666666,107.0087934889708,133.024,1.5197222222222222,1.5733333333333333
20,3,2025-01-31 21:01:00+00:00,"CASTLE DONINGTON, ENGLAND, GB",4,2025-01-31 21:48:00+00:00,"CASTLE DONINGTON, ENGLAND, GB",0.7833333333333333,0.0,0.0,0.0,0.0
20,4,2025-01-31 21:48:00+00:00,"CASTLE DONINGTON, ENGLAND, GB",5,2025-01-31 22:07:00+00:00,"COLOGNE, NORTH RHINE-WESTPHALIA, DE",0.31666666666666665,608.7095111554528,788.316,8.773333333333333,8.811666666666667
20,5,2025-01-31 22:07:00+00:00,"COLOGNE, NORTH RHINE-WESTPHALIA, DE",6,2025-02-02 22:45:00+00:00,"COLOGNE, NORTH RHINE-WESTPHALIA, DE",48.63333333333333,0.0,0.0,0.0,0.0
20,6,2025-02-02 22:45:00+00:00,"COLOGNE, NORTH RHINE-WESTPHALIA, DE",7,2025-02-02 23:57:00+00:00,"SERIATE, LOMBARDY, IT",1.2,618.6780484499756,878.598,9.390555555555556,9.715277777777779
20,7,2025-02-02 23:57:00+00:00,"SERIATE, LOMBARDY, IT",8,2025-02-03 01:56:00+00:00,"SERIATE, LOMBARDY, IT",1.9833333333333334,0.0,0.0,0.0,0.0
20,8,2025-02-03 01:56:00+00:00,"SERIATE, LOMBARDY, IT",9,2025-02-03 04:00:00+00:00,"TREVIOLO, LOMBARDY, IT",2.066666666666667,8.892137250827256,11.636,0.24472222222222223,0.24472222222222223
20,9,2025-02-03 04:00:00+00:00,"TREVIOLO, LOMBARDY, IT",10,2025-02-03 05:02:00+00:00,"TREVIOLO, LOMBARDY, IT",1.0333333333333334,0.0,0.0,0.0,0.0
20,10,2025-02-03 05:02:00+00:00,"TREVIOLO, LOMBARDY, IT",11,2025-02-03 09:50:00+00:00,"GAZZANIGA, LOMBARDY, IT",4.8,21.55081593500288,30.292,0.4816666666666667,0.5019444444444444
21,1,2025-02-05 08:16:00+00:00,"HONG KONG, UNKNOWN, HK",2,2025-02-05 15:07:00+00:00,"HONG KONG, UNKNOWN, HK",6.85,0.0,0.0,0.0,0.0
21,2,2025-02-05 15:07:00+00:00,"HONG KONG, UNKNOWN, HK",3,2025-02-05 21:44:00+00:00,"HONG KONG, UNKNOWN, HK",6.616666666666666,0.0,0.0,0.0,0.0
21,3,2025-02-05 21:44:00+00:00,"HONG KONG, UNKNOWN, HK",4,2025-02-06 20:09:00+00:00,"LONDON, ENGLAND, GB",22.416666666666668,9643.584730423949,0.0,0.0,0.0
21,4,2025-02-06 20:09:00+00:00,"LONDON, ENGLAND, GB",5,2025-02-06 20:10:00+00:00,"LONDON, ENGLAND, GB",0.016666666666666666,0.0,0.0,0.0,0.0
21,5,2025-02-06 20:10:00+00:00,"LONDON, ENGLAND, GB",6,2025-02-06 22:28:00+00:00,"LEIPZIG, SAXONY, DE",2.3,868.3882677811267,1032.609,11.630833333333333,11.8175
21,6,2025-02-06 22:28:00+00:00,"LEIPZIG, SAXONY, DE",7,2025-02-07 03:20:00+00:00,"LEIPZIG, SAXONY, DE",4.866666666666666,0.0,0.0,0.0,0.0
21,7,2025-02-07 03:20:00+00:00,"LEIPZIG, SAXONY, DE",8,2025-02-07 05:28:00+00:00,"BRESCIA, LOMBARDY, IT",2.1333333333333333,664.7548532388024,899.247,9.999444444444444,10.12
21,8,2025-02-07 05:28:00+00:00,"BRESCIA, LOMBARDY, IT",9,2025-02-07 06:13:00+00:00,"BRESCIA, LOMBARDY, IT",0.75,0.0,0.0,0.0,0.0
21,9,2025-02-07 06:13:00+00:00,"BRESCIA, LOMBARDY, IT",10,2025-02-07 07:10:00+00:00,"BERGAMO, LOMBARDY, IT",0.95,46.27743840379541,54.003,0.8108333333333333,0.9208333333333333
21,10,2025-02-07 07:10:00+00:00,"BERGAMO, LOMBARDY, IT",11,2025-02-07 09:18:00+00:00,"BERGAMO, LOMBARDY, IT",2.1333333333333333,0.0,0.0,0.0,0.0
21,11,2025-02-07 09:18:00+00:00,"BERGAMO, LOMBARDY, IT",12,2025-02-07 13:36:00+00:00,"GAZZANIGA, LOMBARDY, IT",4.3,16.64796869542368,18.407,0.39111111111111113,0.47888888888888886
22,1,2025-02-08 16:58:00+00:00,"GRAND PRAIRIE, TEXAS, US",2,2025-02-08 19:35:00+00:00,"MANSFIELD, TEXAS, US",2.6166666666666667,24.353222557983706,32.841,0.48055555555555557,0.5122222222222222
22,2,2025-02-08 19:35:00+00:00,"MANSFIELD, TEXAS, US",3,2025-02-09 10:04:00+00:00,"NEW YORK, NEW YORK, US",14.483333333333333,2249.2206281446192,2555.982,22.64138888888889,22.816666666666666
22,3,2025-02-09 10:04:00+00:00,"NEW YORK, NEW YORK, US",4,2025-02-10 00:29:00+00:00,"NEW YORK, NEW YORK, US",14.416666666666666,0.0,0.0,0.0,0.0
22,4,2025-02-10 00:29:00+00:00,"NEW YORK, NEW YORK, US",5,2025-02-10 08:50:00+00:00,"PARIS, ÎLE-DE-FRANCE, FR",8.35,5852.736948257437,0.0,0.0,0.0
22,5,2025-02-10 08:50:00+00:00,"PARIS, ÎLE-DE-FRANCE, FR",6,2025-02-10 19:47:00+00:00,"PARIS, ÎLE-DE-FRANCE, FR",10.95,0.0,0.0,0.0,0.0
22,6,2025-02-10 19:47:00+00:00,"PARIS, ÎLE-DE-FRANCE, FR",7,2025-02-10 21:03:00+00:00,"LONATE POZZOLO, LOMBARDY, IT",1.2666666666666666,605.174553275843,841.809,9.467777777777778,9.505833333333333
22,7,2025-02-10 21:03:00+00:00,"LONATE POZZOLO, LOMBARDY, IT",8,2025-02-12 01:47:00+00:00,"LONATE POZZOLO, LOMBARDY, IT",28.733333333333334,0.0,0.0,0.0,0.0
22,8,2025-02-12 01:47:00+00:00,"LONATE POZZOLO, LOMBARDY, IT",9,2025-02-12 06:51:00+00:00,"GRASSOBBIO, LOMBARDY, IT",5.066666666666666,76.27515106391795,93.101,1.2605555555555557,1.2608333333333333
22,9,2025-02-12 06:51:00+00:00,"GRASSOBBIO, LOMBARDY, IT",10,2025-02-12 08:01:00+00:00,"GRASSOBBIO, LOMBARDY, IT",1.1666666666666667,0.0,0.0,0.0,0.0
22,10,2025-02-12 08:01:00+00:00,"GRASSOBBIO, LOMBARDY, IT",11,2025-02-12 13:23:00+00:00,"GAZZANIGA, LOMBARDY, IT",5.366666666666666,17.201432036857245,23.007,0.40555555555555556,0.4613888888888889
23,1,2025-02-14 08:21:00+00:00,"SHENZHEN, GUANGDONG, CN",2,2025-02-14 13:46:00+00:00,"SHENZHEN, GUANGDONG, CN",5.416666666666667,0.0,0.0,0.0,0.0
23,2,2025-02-14 13:46:00+00:00,"SHENZHEN, GUANGDONG, CN",3,2025-02-14 15:29:00+00:00,"SHENZHEN, GUANGDONG, CN",1.7166666666666666,0.0,0.0,0.0,0.0
23,3,2025-02-14 15:29:00+00:00,"SHENZHEN, GUANGDONG, CN",4,2025-02-14 17:15:00+00:00,"HONG KONG, UNKNOWN, HK",1.7666666666666666,31.553267528345533,387.101,6.518888888888889,6.529444444444445
23,4,2025-02-14 17:15:00+00:00,"HONG KONG, UNKNOWN, HK",5,2025-02-14 22:37:00+00:00,"HONG KONG, UNKNOWN, HK",5.366666666666666,0.0,0.0,0.0,0.0
23,5,2025-02-14 22:37:00+00:00,"HONG KONG, UNKNOWN, HK",6,2025-02-15 17:58:00+00:00,"FRANKFURT AM MAIN, HESSE, DE",19.35,9177.0768714241,0.0,0.0,0.0
23,6,2025-02-15 17:58:00+00:00,"FRANKFURT AM MAIN, HESSE, DE",7,2025-02-15 21:33:00+00:00,"FRANKFURT AM MAIN, HESSE, DE",3.5833333333333335,0.0,0.0,0.0,0.0
23,7,2025-02-15 21:33:00+00:00,"FRANKFURT AM MAIN, HESSE, DE",8,2025-02-16 14:32:00+00:00,"LEIPZIG, SAXONY, DE",16.983333333333334,293.75451322789667,394.204,4.119722222222222,4.119722222222222
23,8,2025-02-16 14:32:00+00:00,"LEIPZIG, SAXONY, DE",9,2025-02-17 00:11:00+00:00,"LEIPZIG, SAXONY, DE",9.65,0.0,0.0,0.0,0.0
23,9,2025-02-17 00:11:00+00:00,"LEIPZIG, SAXONY, DE",10,2025-02-17 02:19:00+00:00,"BRESCIA, LOMBARDY, IT",2.1333333333333333,664.7548532388024,899.247,10.030555555555555,10.13
23,10,2025-02-17 02:19:00+00:00,"BRESCIA, LOMBARDY, IT",11,2025-02-17 03:11:00+00:00,"BRESCIA, LOMBARDY, IT",0.8666666666666667,0.0,0.0,0.0,0.0
23,11,2025-02-17 03:11:00+00:00,"BRESCIA, LOMBARDY, IT",12,2025-02-17 04:19:00+00:00,"BERGAMO, LOMBARDY, IT",1.1333333333333333,46.27743840379541,54.003,0.8108333333333333,0.8138888888888889
23,12,2025-02-17 04:19:00+00:00,"BERGAMO, LOMBARDY, IT",13,2025-02-17 08:11:00+00:00,"BERGAMO, LOMBARDY, IT",3.8666666666666667,0.0,0.0,0.0,0.0
23,13,2025-02-17 08:11:00+00:00,"BERGAMO, LOMBARDY, IT",14,2025-02-17 10:36:00+00:00,"GAZZANIGA, LOMBARDY, IT",2.4166666666666665,16.64796869542368,18.407,0.39111111111111113,0.4736111111111111
24,1,2025-02-12 18:35:00+00:00,"LEEDS, ENGLAND, GB",2,2025-02-12 20:47:00+00:00,"CASTLE DONINGTON, ENGLAND, GB",2.2,107.0087934889708,133.024,1.5197222222222222,1.5988888888888888
24,2,2025-02-12 20:47:00+00:00,"CASTLE DONINGTON, ENGLAND, GB",3,2025-02-12 22:03:00+00:00,"CASTLE DONINGTON, ENGLAND, GB",1.2666666666666666,0.0,0.0,0.0,0.0
24,3,2025-02-12 22:03:00+00:00,"CASTLE DONINGTON, ENGLAND, GB",4,2025-02-12 22:30:00+00:00,"COLOGNE, NORTH RHINE-WESTPHALIA, DE",0.45,608.7095111554528,788.316,8.773333333333333,8.963611111111112
24,4,2025-02-12 22:30:00+00:00,"COLOGNE, NORTH RHINE-WESTPHALIA, DE",5,2025-02-13 02:30:00+00:00,"COLOGNE, NORTH RHINE-WESTPHALIA, DE",4.0,0.0,0.0,0.0,0.0
24,5,2025-02-13 02:30:00+00:00,"COLOGNE, NORTH RHINE-WESTPHALIA, DE",6,2025-02-13 03:11:00+00:00,"SERIATE, LOMBARDY, IT",0.6833333333333333,618.6780484499756,875.476,9.301388888888889,9.776111111111112
24,6,2025-02-13 03:11:00+00:00,"SERIATE, LOMBARDY, IT",7,2025-02-13 04:17:00+00:00,"SERIATE, LOMBARDY, IT",1.1,0.0,0.0,0.0,0.0
24,7,2025-02-13 04:17:00+00:00,"SERIATE, LOMBARDY, IT",8,2025-02-13 04:21:00+00:00,"TREVIOLO, LOMBARDY, IT",0.06666666666666667,8.892137250827256,11.636,0.24472222222222223,0.24833333333333332
24,8,2025-02-13 04:21:00+00:00,"TREVIOLO, LOMBARDY, IT",9,2025-02-13 04:40:00+00:00,"TREVIOLO, LOMBARDY, IT",0.31666666666666665,0.0,0.0,0.0,0.0
24,9,2025-02-13 04:40:00+00:00,"TREVIOLO, LOMBARDY, IT",10,2025-02-13 08:58:00+00:00,"GAZZANIGA, LOMBARDY, IT",4.3,21.55081593500288,30.292,0.4816666666666667,0.4938888888888889
25,1,2025-02-21 10:14:00+00:00,"DONGGUAN, GUANGDONG, CN",2,2025-02-21 12:43:00+00:00,"DONGGUAN, GUANGDONG, CN",2.4833333333333334,0.0,0.0,0.0,0.0
25,2,2025-02-21 12:43:00+00:00,"DONGGUAN, GUANGDONG, CN",3,2025-02-21 15:42:00+00:00,"GUANGZHOU, GUANGDONG, CN",2.9833333333333334,52.25446940289623,61.56,1.2544444444444445,1.2544444444444445
25,3,2025-02-21 15:42:00+00:00,"GUANGZHOU, GUANGDONG, CN",4,2025-02-21 22:27:00+00:00,"GUANGZHOU, GUANGDONG, CN",6.75,0.0,0.0,0.0,0.0
25,4,2025-02-21 22:27:00+00:00,"GUANGZHOU, GUANGDONG, CN",5,2025-02-22 11:36:00+00:00,"ISTANBUL, ISTANBUL, TR",13.15,7901.801268319834,0.0,0.0,0.0
25,5,2025-02-22 11:36:00+00:00,"ISTANBUL, ISTANBUL, TR",6,2025-02-22 12:09:00+00:00,"ISTANBUL, ISTANBUL, TR",0.55,0.0,0.0,0.0,0.0
25,6,2025-02-22 12:09:00+00:00,"ISTANBUL, ISTANBUL, TR",7,2025-02-22 14:43:00+00:00,"PARIS, ÎLE-DE-FRANCE, FR",2.566666666666667,2258.537538016743,2807.61,29.811666666666667,30.55
25,7,2025-02-22 14:43:00+00:00,"PARIS, ÎLE-DE-FRANCE, FR",8,2025-02-22 23:17:00+00:00,"PARIS, ÎLE-DE-FRANCE, FR",8.566666666666666,0.0,0.0,0.0,0.0
25,8,2025-02-22 23:17:00+00:00,"PARIS, ÎLE-DE-FRANCE, FR",9,2025-02-23 12:55:00+00:00,"LONATE POZZOLO, LOMBARDY, IT",13.633333333333333,605.174553275843,841.809,9.467777777777778,9.488611111111112
25,9,2025-02-23 12:55:00+00:00,"LONATE POZZOLO, LOMBARDY, IT",10,2025-02-23 20:29:00+00:00,"LONATE POZZOLO, LOMBARDY, IT",7.566666666666666,0.0,0.0,0.0,0.0
25,10,2025-02-23 20:29:00+00:00,"LONATE POZZOLO, LOMBARDY, IT",11,2025-02-24 07:44:00+00:00,"GRASSOBBIO, LOMBARDY, IT",11.25,76.27515106391795,93.101,1.2605555555555557,1.2608333333333333
25,11,2025-02-24 07:44:00+00:00,"GRASSOBBIO, LOMBARDY, IT",12,2025-02-24 08:50:00+00:00,"GRASSOBBIO, LOMBARDY, IT",1.1,0.0,0.0,0.0,0.0
25,12,2025-02-24 08:50:00+00:00,"GRASSOBBIO, LOMBARDY, IT",13,2025-02-24 11:34:00+00:00,"GAZZANIGA, LOMBARDY, IT",2.7333333333333334,17.201432036857245,23.007,0.40555555555555556,0.4488888888888889
26,1,2025-02-20 22:05:00+00:00,"PEABODY, MASSACHUSETTS, US",2,2025-02-21 01:41:00+00:00,"PEABODY, MASSACHUSETTS, US",3.6,0.0,0.0,0.0,0.0
26,2,2025-02-21 01:41:00+00:00,"PEABODY, MASSACHUSETTS, US",3,2025-02-21 04:43:00+00:00,"NEWARK, DELAWARE, US",3.033333333333333,513.4322727527276,584.316,6.164166666666667,6.171944444444445
26,3,2025-02-21 04:43:00+00:00,"NEWARK, DELAWARE, US",4,2025-02-21 10:16:00+00:00,"NEWARK, DELAWARE, US",5.55,0.0,0.0,0.0,0.0
26,4,2025-02-21 10:16:00+00:00,"NEWARK, DELAWARE, US",5,2025-02-21 16:49:00+00:00,"PARIS, ÎLE-DE-FRANCE, FR",6.55,6040.161184425153,0.0,0.0,0.0
26,5,2025-02-21 16:49:00+00:00,"PARIS, ÎLE-DE-FRANCE, FR",6,2025-02-21 23:08:00+00:00,"PARIS, ÎLE-DE-FRANCE, FR",6.316666666666666,0.0,0.0,0.0,0.0
26,6,2025-02-21 23:08:00+00:00,"PARIS, ÎLE-DE-FRANCE, FR",7,2025-02-23 09:00:00+00:00,"LONATE POZZOLO, LOMBARDY, IT",33.86666666666667,605.174553275843,841.809,9.467777777777778,9.506388888888889
26,7,2025-02-23 09:00:00+00:00,"LONATE POZZOLO, LOMBARDY, IT",8,2025-02-23 20:29:00+00:00,"LONATE POZZOLO, LOMBARDY, IT",11.483333333333333,0.0,0.0,0.0,0.0
26,8,2025-02-23 20:29:00+00:00,"LONATE POZZOLO, LOMBARDY, IT",9,2025-02-24 07:51:00+00:00,"GRASSOBBIO, LOMBARDY, IT",11.366666666666667,76.27515106391795,93.101,1.2605555555555557,1.2608333333333333
26,9,2025-02-24 07:51:00+00:00,"GRASSOBBIO, LOMBARDY, IT",10,2025-02-25 08:21:00+00:00,"GRASSOBBIO, LOMBARDY, IT",24.5,0.0,0.0,0.0,0.0
26,10,2025-02-25 08:21:00+00:00,"GRASSOBBIO, LOMBARDY, IT",11,2025-02-25 13:12:00+00:00,"GAZZANIGA, LOMBARDY, IT",4.85,17.201432036857245,23.007,0.40555555555555556,0.45555555555555555
27,1,2025-02-25 08:26:00+00:00,"SHENZHEN, GUANGDONG, CN",2,2025-02-25 19:06:00+00:00,"SHENZHEN, GUANGDONG, CN",10.666666666666666,0.0,0.0,0.0,0.0
27,2,2025-02-25 19:06:00+00:00,"SHENZHEN, GUANGDONG, CN",3,2025-02-26 10:14:00+00:00,"SHENZHEN, GUANGDONG, CN",15.133333333333333,0.0,0.0,0.0,0.0
27,3,2025-02-26 10:14:00+00:00,"SHENZHEN, GUANGDONG, CN",4,2025-02-26 12:31:00+00:00,"HONG KONG, UNKNOWN, HK",2.283333333333333,31.553267528345533,387.101,6.520555555555555,6.521388888888889
27,4,2025-02-26 12:31:00+00:00,"HONG KONG, UNKNOWN, HK",5,2025-02-26 22:13:00+00:00,"HONG KONG, UNKNOWN, HK",9.7,0.0,0.0,0.0,0.0
27,5,2025-02-26 22:13:00+00:00,"HONG KONG, UNKNOWN, HK",6,2025-02-27 07:54:00+00:00,"RIFFA, SOUTHERN GOVERNORATE, BH",9.683333333333334,6413.354147624791,0.0,0.0,0.0
27,6,2025-02-27 07:54:00+00:00,"RIFFA, SOUTHERN GOVERNORATE, BH",7,2025-02-27 13:56:00+00:00,"RIFFA, SOUTHERN GOVERNORATE, BH",6.033333333333333,0.0,0.0,0.0,0.0
27,7,2025-02-27 13:56:00+00:00,"RIFFA, SOUTHERN GOVERNORATE, BH",8,2025-02-27 21:02:00+00:00,"ROME, LAZIO, IT",7.1,3882.62097905486,5855.064,74.3275,74.77583333333334
27,8,2025-02-27 21:02:00+00:00,"ROME, LAZIO, IT",9,2025-02-28 01:28:00+00:00,"ROME, LAZIO, IT",4.433333333333334,0.0,0.0,0.0,0.0
27,9,2025-02-28 01:28:00+00:00,"ROME, LAZIO, IT",10,2025-02-28 03:59:00+00:00,"BRESCIA, LOMBARDY, IT",2.5166666666666666,445.0861116565869,561.101,6.6258333333333335,6.694444444444445
27,10,2025-02-28 03:59:00+00:00,"BRESCIA, LOMBARDY, IT",11,2025-02-28 06:15:00+00:00,"BRESCIA, LOMBARDY, IT",2.2666666666666666,0.0,0.0,0.0,0.0
27,11,2025-02-28 06:15:00+00:00,"BRESCIA, LOMBARDY, IT",12,2025-02-28 07:13:00+00:00,"BERGAMO, LOMBARDY, IT",0.9666666666666667,46.27743840379541,54.003,0.8108333333333333,0.9241666666666667
27,12,2025-02-28 07:13:00+00:00,"BERGAMO, LOMBARDY, IT",13,2025-02-28 08:55:00+00:00,"BERGAMO, LOMBARDY, IT",1.7,0.0,0.0,0.0,0.0
27,13,2025-02-28 08:55:00+00:00,"BERGAMO, LOMBARDY, IT",14,2025-02-28 13:04:00+00:00,"GAZZANIGA, LOMBARDY, IT",4.15,16.64796869542368,18.407,0.39111111111111113,0.47833333333333333
28,1,2025-02-28 14:51:00+00:00,"THIEF RIVER FALLS, MINNESOTA, US",2,2025-02-28 18:18:00+00:00,"THIEF RIVER FALLS, MINNESOTA, US",3.45,0.0,0.0,0.0,0.0
28,2,2025-02-28 18:18:00+00:00,"THIEF RIVER FALLS, MINNESOTA, US",3,2025-03-01 01:57:00+00:00,"FARGO, NORTH DAKOTA, US",7.65,145.49562648013878,182.102,2.4058333333333333,2.4477777777777776
28,3,2025-03-01 01:57:00+00:00,"FARGO, NORTH DAKOTA, US",4,2025-03-01 04:47:00+00:00,"LOUISVILLE, KENTUCKY, US",2.8333333333333335,1315.7667893029804,1514.223,13.510555555555555,13.522777777777778
28,4,2025-03-01 04:47:00+00:00,"LOUISVILLE, KENTUCKY, US",5,2025-03-01 18:02:00+00:00,"LOUISVILLE, KENTUCKY, US",13.25,0.0,0.0,0.0,0.0
28,5,2025-03-01 18:02:00+00:00,"LOUISVILLE, KENTUCKY, US",6,2025-03-02 01:32:00+00:00,"COLOGNE, NORTH RHINE-WESTPHALIA, DE",7.5,6999.566789901489,0.0,0.0,0.0
28,6,2025-03-02 01:32:00+00:00,"COLOGNE, NORTH RHINE-WESTPHALIA, DE",7,2025-03-02 23:45:00+00:00,"COLOGNE, NORTH RHINE-WESTPHALIA, DE",22.216666666666665,0.0,0.0,0.0,0.0
28,7,2025-03-02 23:45:00+00:00,"COLOGNE, NORTH RHINE-WESTPHALIA, DE",8,2025-03-03 00:58:00+00:00,"SERIATE, LOMBARDY, IT",1.2166666666666666,618.6780484499756,875.476,9.301388888888889,9.594166666666666
28,8,2025-03-03 00:58:00+00:00,"SERIATE, LOMBARDY, IT",9,2025-03-03 02:40:00+00:00,"SERIATE, LOMBARDY, IT",1.7,0.0,0.0,0.0,0.0
28,9,2025-03-03 02:40:00+00:00,"SERIATE, LOMBARDY, IT",10,2025-03-03 04:45:00+00:00,"TREVIOLO, LOMBARDY, IT",2.0833333333333335,8.892137250827256,11.636,0.24472222222222223,0.24472222222222223
28,10,2025-03-03 04:45:00+00:00,"TREVIOLO, LOMBARDY, IT",11,2025-03-03 05:35:00+00:00,"TREVIOLO, LOMBARDY, IT",0.8333333333333334,0.0,0.0,0.0,0.0
28,11,2025-03-03 05:35:00+00:00,"TREVIOLO, LOMBARDY, IT",12,2025-03-03 10:03:00+00:00,"GAZZANIGA, LOMBARDY, IT",4.466666666666667,21.55081593500288,30.292,0.4816666666666667,0.5272222222222223
29,1,2025-03-03 11:47:00+00:00,"THIEF RIVER FALLS, MINNESOTA, US",2,2025-03-03 18:18:00+00:00,"THIEF RIVER FALLS, MINNESOTA, US",6.516666666666667,0.0,0.0,0.0,0.0
29,2,2025-03-03 18:18:00+00:00,"THIEF RIVER FALLS, MINNESOTA, US",3,2025-03-04 01:57:00+00:00,"FARGO, NORTH DAKOTA, US",7.65,145.49562648013878,182.102,2.4058333333333333,2.4477777777777776
29,3,2025-03-04 01:57:00+00:00,"FARGO, NORTH DAKOTA, US",4,2025-03-04 05:00:00+00:00,"LOUISVILLE, KENTUCKY, US",3.05,1315.7667893029804,1514.223,13.510555555555555,13.554444444444444
29,4,2025-03-04 05:00:00+00:00,"LOUISVILLE, KENTUCKY, US",5,2025-03-04 10:23:00+00:00,"LOUISVILLE, KENTUCKY, US",5.383333333333334,0.0,0.0,0.0,0.0
29,5,2025-03-04 10:23:00+00:00,"LOUISVILLE, KENTUCKY, US",6,2025-03-04 17:54:00+00:00,"COLOGNE, NORTH RHINE-WESTPHALIA, DE",7.516666666666667,6999.566789901489,0.0,0.0,0.0
29,6,2025-03-04 17:54:00+00:00,"COLOGNE, NORTH RHINE-WESTPHALIA, DE",7,2025-03-06 01:40:00+00:00,"COLOGNE, NORTH RHINE-WESTPHALIA, DE",31.766666666666666,0.0,0.0,0.0,0.0
29,7,2025-03-06 01:40:00+00:00,"COLOGNE, NORTH RHINE-WESTPHALIA, DE",8,2025-03-06 02:54:00+00:00,"SERIATE, LOMBARDY, IT",1.2333333333333334,618.6780484499756,875.476,9.301388888888889,9.746944444444445
29,8,2025-03-06 02:54:00+00:00,"SERIATE, LOMBARDY, IT",9,2025-03-06 04:32:00+00:00,"SERIATE, LOMBARDY, IT",1.6333333333333333,0.0,0.0,0.0,0.0
29,9,2025-03-06 04:32:00+00:00,"SERIATE, LOMBARDY, IT",10,2025-03-06 04:36:00+00:00,"TREVIOLO, LOMBARDY, IT",0.06666666666666667,8.892137250827256,11.636,0.24472222222222223,0.24916666666666668
29,10,2025-03-06 04:36:00+00:00,"TREVIOLO, LOMBARDY, IT",11,2025-03-06 05:20:00+00:00,"TREVIOLO, LOMBARDY, IT",0.7333333333333333,0.0,0.0,0.0,0.0
29,11,2025-03-06 05:20:00+00:00,"TREVIOLO, LOMBARDY, IT",12,2025-03-06 09:29:00+00:00,"GAZZANIGA, LOMBARDY, IT",4.15,21.55081593500288,30.292,0.4816666666666667,0.5194444444444445
30,1,2025-02-28 01:49:00+00:00,"THIEF RIVER FALLS, MINNESOTA, US",2,2025-02-28 03:18:00+00:00,"THIEF RIVER FALLS, MINNESOTA, US",1.4833333333333334,0.0,0.0,0.0,0.0
30,2,2025-02-28 03:18:00+00:00,"THIEF RIVER FALLS, MINNESOTA, US",3,2025-02-28 07:25:00+00:00,"LOUISVILLE, KENTUCKY, US",4.116666666666666,1382.5684049584586,1648.949,15.366666666666667,15.456666666666667
30,3,2025-02-28 07:25:00+00:00,"LOUISVILLE, KENTUCKY, US",4,2025-02-28 10:21:00+00:00,"LOUISVILLE, KENTUCKY, US",2.933333333333333,0.0,0.0,0.0,0.0
30,4,2025-02-28 10:21:00+00:00,"LOUISVILLE, KENTUCKY, US",5,2025-02-28 17:51:00+00:00,"COLOGNE, NORTH RHINE-WESTPHALIA, DE",7.5,6999.566789901489,0.0,0.0,0.0
30,5,2025-02-28 17:51:00+00:00,"COLOGNE, NORTH RHINE-WESTPHALIA, DE",6,2025-03-02 23:45:00+00:00,"COLOGNE, NORTH RHINE-WESTPHALIA, DE",53.9,0.0,0.0,0.0,0.0
30,6,2025-03-02 23:45:00+00:00,"COLOGNE, NORTH RHINE-WESTPHALIA, DE",7,2025-03-03 00:58:00+00:00,"SERIATE, LOMBARDY, IT",1.2166666666666666,618.6780484499756,875.476,9.301388888888889,9.594166666666666
30,7,2025-03-03 00:58:00+00:00,"SERIATE, LOMBARDY, IT",8,2025-03-03 02:40:00+00:00,"SERIATE, LOMBARDY, IT",1.7,0.0,0.0,0.0,0.0
30,8,2025-03-03 02:40:00+00:00,"SERIATE, LOMBARDY, IT",9,2025-03-03 04:45:00+00:00,"TREVIOLO, LOMBARDY, IT",2.0833333333333335,8.892137250827256,11.636,0.24472222222222223,0.24472222222222223
30,9,2025-03-03 04:45:00+00:00,"TREVIOLO, LOMBARDY, IT",10,2025-03-03 05:37:00+00:00,"TREVIOLO, LOMBARDY, IT",0.8666666666666667,0.0,0.0,0.0,0.0
30,10,2025-03-03 05:37:00+00:00,"TREVIOLO, LOMBARDY, IT",11,2025-03-03 10:03:00+00:00,"GAZZANIGA, LOMBARDY, IT",4.433333333333334,21.55081593500288,30.292,0.4816666666666667,0.5291666666666667
31,1,2025-03-12 18:11:00+00:00,"BOCA RATON, FLORIDA, US",2,2025-03-13 01:05:00+00:00,"BOCA RATON, FLORIDA, US",6.9,0.0,0.0,0.0,0.0
31,2,2025-03-13 01:05:00+00:00,"BOCA RATON, FLORIDA, US",3,2025-03-13 01:06:00+00:00,"BOCA RATON, FLORIDA, US",0.016666666666666666,0.0,0.0,0.0,0.0
31,3,2025-03-13 01:06:00+00:00,"BOCA RATON, FLORIDA, US",4,2025-03-13 02:03:00+00:00,"NEW YORK, NEW YORK, US",0.95,1688.1851936749076,2015.827,18.324444444444445,18.659166666666668
31,4,2025-03-13 02:03:00+00:00,"NEW YORK, NEW YORK, US",5,2025-03-13 03:43:00+00:00,"NEW YORK, NEW YORK, US",1.6666666666666667,0.0,0.0,0.0,0.0
31,5,2025-03-13 03:43:00+00:00,"NEW YORK, NEW YORK, US",6,2025-03-13 06:30:00+00:00,"CINCINNATI, OHIO, US",2.783333333333333,914.915596720199,1041.646,9.856111111111112,10.03138888888889
31,6,2025-03-13 06:30:00+00:00,"CINCINNATI, OHIO, US",7,2025-03-13 12:09:00+00:00,"CINCINNATI, OHIO, US",5.65,0.0,0.0,0.0,0.0
31,7,2025-03-13 12:09:00+00:00,"CINCINNATI, OHIO, US",8,2025-03-13 21:24:00+00:00,"LEIPZIG, SAXONY, DE",9.25,7161.707259301749,0.0,0.0,0.0
31,8,2025-03-13 21:24:00+00:00,"LEIPZIG, SAXONY, DE",9,2025-03-14 03:26:00+00:00,"LEIPZIG, SAXONY, DE",6.033333333333333,0.0,0.0,0.0,0.0
31,9,2025-03-14 03:26:00+00:00,"LEIPZIG, SAXONY, DE",10,2025-03-14 05:26:00+00:00,"BRESCIA, LOMBARDY, IT",2.0,664.7548532388024,899.247,9.999444444444444,10.1225
31,10,2025-03-14 05:26:00+00:00,"BRESCIA, LOMBARDY, IT",11,2025-03-14 06:20:00+00:00,"BRESCIA, LOMBARDY, IT",0.9,0.0,0.0,0.0,0.0
31,11,2025-03-14 06:20:00+00:00,"BRESCIA, LOMBARDY, IT",12,2025-03-14 07:05:00+00:00,"BERGAMO, LOMBARDY, IT",0.75,46.27743840379541,54.003,0.8108333333333333,0.9294444444444444
31,12,2025-03-14 07:05:00+00:00,"BERGAMO, LOMBARDY, IT",13,2025-03-14 10:57:00+00:00,"BERGAMO, LOMBARDY, IT",3.8666666666666667,0.0,0.0,0.0,0.0
31,13,2025-03-14 10:57:00+00:00,"BERGAMO, LOMBARDY, IT",14,2025-03-14 13:01:00+00:00,"GAZZANIGA, LOMBARDY, IT",2.066666666666667,16.64796869542368,18.407,0.39111111111111113,0.4847222222222222
32,1,2025-03-31 19:21:00+00:00,"SAN JOSÉ, SAN JOSÉ, CR",2,2025-03-31 21:58:00+00:00,"SAN JOSÉ, SAN JOSÉ, CR",2.6166666666666667,0.0,0.0,0.0,0.0
32,2,2025-03-31 21:58:00+00:00,"SAN JOSÉ, SAN JOSÉ, CR",3,2025-03-31 23:25:00+00:00,"SAN JOSÉ, SAN JOSÉ, CR",1.45,0.0,0.0,0.0,0.0
32,3,2025-03-31 23:25:00+00:00,"SAN JOSÉ, SAN JOSÉ, CR",4,2025-04-01 03:30:00+00:00,"NEW YORK, NEW YORK, US",4.083333333333333,3552.1161333245473,6696.095,78.78305555555555,79.59722222222223
32,4,2025-04-01 03:30:00+00:00,"NEW YORK, NEW YORK, US",5,2025-04-01 08:22:00+00:00,"NEW YORK, NEW YORK, US",4.866666666666666,0.0,0.0,0.0,0.0
32,5,2025-04-01 08:22:00+00:00,"NEW YORK, NEW YORK, US",6,2025-04-01 17:38:00+00:00,"PARIS, ÎLE-DE-FRANCE, FR",9.266666666666667,5852.736948257437,0.0,0.0,0.0
32,6,2025-04-01 17:38:00+00:00,"PARIS, ÎLE-DE-FRANCE, FR",7,2025-04-03 02:24:00+00:00,"PARIS, ÎLE-DE-FRANCE, FR",32.766666666666666,0.0,0.0,0.0,0.0
32,7,2025-04-03 02:24:00+00:00,"PARIS, ÎLE-DE-FRANCE, FR",8,2025-04-03 03:26:00+00:00,"LONATE POZZOLO, LOMBARDY, IT",1.0333333333333334,605.174553275843,841.811,9.46888888888889,9.553888888888888
32,8,2025-04-03 03:26:00+00:00,"LONATE POZZOLO, LOMBARDY, IT",9,2025-04-03 05:36:00+00:00,"LONATE POZZOLO, LOMBARDY, IT",2.1666666666666665,0.0,0.0,0.0,0.0
32,9,2025-04-03 05:36:00+00:00,"LONATE POZZOLO, LOMBARDY, IT",10,2025-04-03 07:11:00+00:00,"GRASSOBBIO, LOMBARDY, IT",1.5833333333333333,76.27515106391795,93.101,1.2605555555555557,1.601388888888889
32,10,2025-04-03 07:11:00+00:00,"GRASSOBBIO, LOMBARDY, IT",11,2025-04-03 07:18:00+00:00,"GRASSOBBIO, LOMBARDY, IT",0.11666666666666667,0.0,0.0,0.0,0.0
32,11,2025-04-03 07:18:00+00:00,"GRASSOBBIO, LOMBARDY, IT",12,2025-04-03 08:16:00+00:00,"GAZZANIGA, LOMBARDY, IT",0.9666666666666667,17.201432036857245,23.007,0.40555555555555556,0.465
33,1,2025-03-14 16:40:00+00:00,"MINNEAPOLIS, MINNESOTA, US",2,2025-03-15 01:17:00+00:00,"MINNEAPOLIS, MINNESOTA, US",8.616666666666667,0.0,0.0,0.0,0.0
33,2,2025-03-15 01:17:00+00:00,"MINNEAPOLIS, MINNESOTA, US",3,2025-03-15 01:17:00+00:00,"MINNEAPOLIS, MINNESOTA, US",0.0,0.0,0.0,0.0,0.0
33,3,2025-03-15 01:17:00+00:00,"MINNEAPOLIS, MINNESOTA, US",4,2025-03-15 04:58:00+00:00,"CINCINNATI, OHIO, US",3.683333333333333,972.2139110276217,1131.136,10.257777777777777,10.283333333333333
33,4,2025-03-15 04:58:00+00:00,"CINCINNATI, OHIO, US",5,2025-03-15 15:56:00+00:00,"CINCINNATI, OHIO, US",10.966666666666667,0.0,0.0,0.0,0.0
33,5,2025-03-15 15:56:00+00:00,"CINCINNATI, OHIO, US",6,2025-03-16 12:35:00+00:00,"LEIPZIG, SAXONY, DE",20.65,7161.707259301749,0.0,0.0,0.0
33,6,2025-03-16 12:35:00+00:00,"LEIPZIG, SAXONY, DE",7,2025-03-16 23:19:00+00:00,"LEIPZIG, SAXONY, DE",10.733333333333333,0.0,0.0,0.0,0.0
33,7,2025-03-16 23:19:00+00:00,"LEIPZIG, SAXONY, DE",8,2025-03-17 00:46:00+00:00,"BRESCIA, LOMBARDY, IT",1.45,664.7548532388024,899.247,10.021944444444445,10.119444444444444
33,8,2025-03-17 00:46:00+00:00,"BRESCIA, LOMBARDY, IT",9,2025-03-17 03:56:00+00:00,"BRESCIA, LOMBARDY, IT",3.1666666666666665,0.0,0.0,0.0,0.0
33,9,2025-03-17 03:56:00+00:00,"BRESCIA, LOMBARDY, IT",10,2025-03-17 05:08:00+00:00,"BERGAMO, LOMBARDY, IT",1.2,46.27743840379541,54.003,0.8108333333333333,0.8177777777777778
33,10,2025-03-17 05:08:00+00:00,"BERGAMO, LOMBARDY, IT",11,2025-03-17 08:17:00+00:00,"BERGAMO, LOMBARDY, IT",3.15,0.0,0.0,0.0,0.0
33,11,2025-03-17 08:17:00+00:00,"BERGAMO, LOMBARDY, IT",12,2025-03-17 10:46:00+00:00,"GAZZANIGA, LOMBARDY, IT",2.4833333333333334,16.64796869542368,18.407,0.39111111111111113,0.47194444444444444
34,1,2025-03-19 13:43:00+00:00,"SHENZHEN, GUANGDONG, CN",2,2025-03-19 15:26:00+00:00,"SHENZHEN, GUANGDONG, CN",1.7166666666666666,0.0,0.0,0.0,0.0
34,2,2025-03-19 15:26:00+00:00,"SHENZHEN, GUANGDONG, CN",3,2025-03-20 10:22:00+00:00,"SHENZHEN, GUANGDONG, CN",18.933333333333334,0.0,0.0,0.0,0.0
34,3,2025-03-20 10:22:00+00:00,"SHENZHEN, GUANGDONG, CN",4,2025-03-20 13:45:00+00:00,"HONG KONG, UNKNOWN, HK",3.3833333333333333,31.553267528345533,387.101,6.520555555555555,6.521388888888889
34,4,2025-03-20 13:45:00+00:00,"HONG KONG, UNKNOWN, HK",5,2025-03-21 01:08:00+00:00,"HONG KONG, UNKNOWN, HK",11.383333333333333,0.0,0.0,0.0,0.0
34,5,2025-03-21 01:08:00+00:00,"HONG KONG, UNKNOWN, HK",6,2025-03-21 10:24:00+00:00,"RIFFA, SOUTHERN GOVERNORATE, BH",9.266666666666667,6413.354147624791,0.0,0.0,0.0
34,6,2025-03-21 10:24:00+00:00,"RIFFA, SOUTHERN GOVERNORATE, BH",7,2025-03-22 01:54:00+00:00,"RIFFA, SOUTHERN GOVERNORATE, BH",15.5,0.0,0.0,0.0,0.0
34,7,2025-03-22 01:54:00+00:00,"RIFFA, SOUTHERN GOVERNORATE, BH",8,2025-03-22 13:40:00+00:00,"LEIPZIG, SAXONY, DE",11.766666666666667,4261.841103880027,5427.291,68.76944444444445,69.10166666666667
34,8,2025-03-22 13:40:00+00:00,"LEIPZIG, SAXONY, DE",9,2025-03-23 22:55:00+00:00,"LEIPZIG, SAXONY, DE",33.25,0.0,0.0,0.0,0.0
34,9,2025-03-23 22:55:00+00:00,"LEIPZIG, SAXONY, DE",10,2025-03-24 01:12:00+00:00,"BRESCIA, LOMBARDY, IT",2.283333333333333,664.7548532388024,899.247,10.010555555555555,10.110555555555555
34,10,2025-03-24 01:12:00+00:00,"BRESCIA, LOMBARDY, IT",11,2025-03-24 03:23:00+00:00,"BRESCIA, LOMBARDY, IT",2.183333333333333,0.0,0.0,0.0,0.0
34,11,2025-03-24 03:23:00+00:00,"BRESCIA, LOMBARDY, IT",12,2025-03-24 04:15:00+00:00,"BERGAMO, LOMBARDY, IT",0.8666666666666667,46.27743840379541,54.003,0.8108333333333333,0.8144444444444444
34,12,2025-03-24 04:15:00+00:00,"BERGAMO, LOMBARDY, IT",13,2025-03-24 08:24:00+00:00,"BERGAMO, LOMBARDY, IT",4.15,0.0,0.0,0.0,0.0
34,13,2025-03-24 08:24:00+00:00,"BERGAMO, LOMBARDY, IT",14,2025-03-24 10:41:00+00:00,"GAZZANIGA, LOMBARDY, IT",2.283333333333333,16.64796869542368,18.407,0.39111111111111113,0.47055555555555556
35,1,2025-03-14 18:15:00+00:00,"THIEF RIVER FALLS, MINNESOTA, US",2,2025-03-14 20:27:00+00:00,"THIEF RIVER FALLS, MINNESOTA, US",2.2,0.0,0.0,0.0,0.0
35,2,2025-03-14 20:27:00+00:00,"THIEF RIVER FALLS, MINNESOTA, US",3,2025-03-15 04:53:00+00:00,"LOUISVILLE, KENTUCKY, US",8.433333333333334,1382.5684049584586,1643.542,15.328611111111112,15.394166666666667
35,3,2025-03-15 04:53:00+00:00,"LOUISVILLE, KENTUCKY, US",4,2025-03-15 20:57:00+00:00,"LOUISVILLE, KENTUCKY, US",16.066666666666666,0.0,0.0,0.0,0.0
35,4,2025-03-15 20:57:00+00:00,"LOUISVILLE, KENTUCKY, US",5,2025-03-16 04:57:00+00:00,"COLOGNE, NORTH RHINE-WESTPHALIA, DE",8.0,6999.566789901489,0.0,0.0,0.0
35,5,2025-03-16 04:57:00+00:00,"COLOGNE, NORTH RHINE-WESTPHALIA, DE",6,2025-03-17 00:00:00+00:00,"COLOGNE, NORTH RHINE-WESTPHALIA, DE",19.05,0.0,0.0,0.0,0.0
35,6,2025-03-17 00:00:00+00:00,"COLOGNE, NORTH RHINE-WESTPHALIA, DE",7,2025-03-17 01:09:00+00:00,"SERIATE, LOMBARDY, IT",1.15,618.6780484499756,875.476,9.301388888888889,9.585277777777778
35,7,2025-03-17 01:09:00+00:00,"SERIATE, LOMBARDY, IT",8,2025-03-17 02:57:00+00:00,"SERIATE, LOMBARDY, IT",1.8,0.0,0.0,0.0,0.0
35,8,2025-03-17 02:57:00+00:00,"SERIATE, LOMBARDY, IT",9,2025-03-17 05:00:00+00:00,"TREVIOLO, LOMBARDY, IT",2.05,8.892137250827256,11.636,0.24472222222222223,0.24583333333333332
35,9,2025-03-17 05:00:00+00:00,"TREVIOLO, LOMBARDY, IT",10,2025-03-17 06:01:00+00:00,"TREVIOLO, LOMBARDY, IT",1.0166666666666666,0.0,0.0,0.0,0.0
35,10,2025-03-17 06:01:00+00:00,"TREVIOLO, LOMBARDY, IT",11,2025-03-17 09:15:00+00:00,"GAZZANIGA, LOMBARDY, IT",3.2333333333333334,21.55081593500288,30.292,0.4816666666666667,0.5616666666666666
36,1,2025-03-17 16:31:00+00:00,"THIEF RIVER FALLS, MINNESOTA, US",2,2025-03-17 17:18:00+00:00,"THIEF RIVER FALLS, MINNESOTA, US",0.7833333333333333,0.0,0.0,0.0,0.0
36,2,2025-03-17 17:18:00+00:00,"THIEF RIVER FALLS, MINNESOTA, US",3,2025-03-18 01:23:00+00:00,"FARGO, NORTH DAKOTA, US",8.083333333333334,145.49562648013878,182.102,2.4058333333333333,2.4477777777777776
36,3,2025-03-18 01:23:00+00:00,"FARGO, NORTH DAKOTA, US",4,2025-03-18 04:18:00+00:00,"LOUISVILLE, KENTUCKY, US",2.9166666666666665,1315.7667893029804,1514.223,13.510555555555555,13.545
36,4,2025-03-18 04:18:00+00:00,"LOUISVILLE, KENTUCKY, US",5,2025-03-18 10:09:00+00:00,"LOUISVILLE, KENTUCKY, US",5.85,0.0,0.0,0.0,0.0
36,5,2025-03-18 10:09:00+00:00,"LOUISVILLE, KENTUCKY, US",6,2025-03-18 17:49:00+00:00,"COLOGNE, NORTH RHINE-WESTPHALIA, DE",7.666666666666667,6999.566789901489,0.0,0.0,0.0
36,6,2025-03-18 17:49:00+00:00,"COLOGNE, NORTH RHINE-WESTPHALIA, DE",7,2025-03-19 01:42:00+00:00,"COLOGNE, NORTH RHINE-WESTPHALIA, DE",7.883333333333334,0.0,0.0,0.0,0.0
36,7,2025-03-19 01:42:00+00:00,"COLOGNE, NORTH RHINE-WESTPHALIA, DE",8,2025-03-19 03:05:00+00:00,"SERIATE, LOMBARDY, IT",1.3833333333333333,618.6780484499756,875.476,9.301388888888889,9.717777777777778
36,8,2025-03-19 03:05:00+00:00,"SERIATE, LOMBARDY, IT",9,2025-03-19 04:49:00+00:00,"SERIATE, LOMBARDY, IT",1.7333333333333334,0.0,0.0,0.0,0.0
36,9,2025-03-19 04:49:00+00:00,"SERIATE, LOMBARDY, IT",10,2025-03-19 04:50:00+00:00,"TREVIOLO, LOMBARDY, IT",0.016666666666666666,8.892137250827256,11.636,0.24472222222222223,0.25222222222222224
36,10,2025-03-19 04:50:00+00:00,"TREVIOLO, LOMBARDY, IT",11,2025-03-19 05:36:00+00:00,"TREVIOLO, LOMBARDY, IT",0.7666666666666667,0.0,0.0,0.0,0.0
36,11,2025-03-19 05:36:00+00:00,"TREVIOLO, LOMBARDY, IT",12,2025-03-19 09:11:00+00:00,"GAZZANIGA, LOMBARDY, IT",3.5833333333333335,21.55081593500288,30.292,0.4816666666666667,0.5363888888888889
37,1,2025-03-20 08:51:00+00:00,"SHENZHEN, GUANGDONG, CN",2,2025-03-20 13:29:00+00:00,"SHENZHEN, GUANGDONG, CN",4.633333333333334,0.0,0.0,0.0,0.0
37,2,2025-03-20 13:29:00+00:00,"SHENZHEN, GUANGDONG, CN",3,2025-03-20 14:30:00+00:00,"SHENZHEN, GUANGDONG, CN",1.0166666666666666,0.0,0.0,0.0,0.0
37,3,2025-03-20 14:30:00+00:00,"SHENZHEN, GUANGDONG, CN",4,2025-03-20 17:30:00+00:00,"HONG KONG, UNKNOWN, HK",3.0,31.553267528345533,387.101,6.520555555555555,6.525
37,4,2025-03-20 17:30:00+00:00,"HONG KONG, UNKNOWN, HK",5,2025-03-21 01:08:00+00:00,"HONG KONG, UNKNOWN, HK",7.633333333333334,0.0,0.0,0.0,0.0
37,5,2025-03-21 01:08:00+00:00,"HONG KONG, UNKNOWN, HK",6,2025-03-22 04:37:00+00:00,"RIFFA, SOUTHERN GOVERNORATE, BH",27.483333333333334,6413.354147624791,0.0,0.0,0.0
37,6,2025-03-22 04:37:00+00:00,"RIFFA, SOUTHERN GOVERNORATE, BH",7,2025-03-22 11:43:00+00:00,"RIFFA, SOUTHERN GOVERNORATE, BH",7.1,0.0,0.0,0.0,0.0
37,7,2025-03-22 11:43:00+00:00,"RIFFA, SOUTHERN GOVERNORATE, BH",8,2025-03-23 13:09:00+00:00,"LEIPZIG, SAXONY, DE",25.433333333333334,4261.841103880027,5427.291,68.76972222222223,69.47916666666667
37,8,2025-03-23 13:09:00+00:00,"LEIPZIG, SAXONY, DE",9,2025-03-23 22:55:00+00:00,"LEIPZIG, SAXONY, DE",9.766666666666667,0.0,0.0,0.0,0.0
37,9,2025-03-23 22:55:00+00:00,"LEIPZIG, SAXONY, DE",10,2025-03-24 01:12:00+00:00,"BRESCIA, LOMBARDY, IT",2.283333333333333,664.7548532388024,899.247,10.010555555555555,10.110555555555555
37,10,2025-03-24 01:12:00+00:00,"BRESCIA, LOMBARDY, IT",11,2025-03-24 03:23:00+00:00,"BRESCIA, LOMBARDY, IT",2.183333333333333,0.0,0.0,0.0,0.0
37,11,2025-03-24 03:23:00+00:00,"BRESCIA, LOMBARDY, IT",12,2025-03-24 04:15:00+00:00,"BERGAMO, LOMBARDY, IT",0.8666666666666667,46.27743840379541,54.003,0.8108333333333333,0.8144444444444444
37,12,2025-03-24 04:15:00+00:00,"BERGAMO, LOMBARDY, IT",13,2025-03-24 08:24:00+00:00,"BERGAMO, LOMBARDY, IT",4.15,0.0,0.0,0.0,0.0
37,13,2025-03-24 08:24:00+00:00,"BERGAMO, LOMBARDY, IT",14,2025-03-24 10:41:00+00:00,"GAZZANIGA, LOMBARDY, IT",2.283333333333333,16.64796869542368,18.407,0.39111111111111113,0.47055555555555556
38,1,2025-04-02 07:30:00+00:00,"SHENZHEN, GUANGDONG, CN",2,2025-04-02 13:26:00+00:00,"SHENZHEN, GUANGDONG, CN",5.933333333333334,0.0,0.0,0.0,0.0
38,2,2025-04-02 13:26:00+00:00,"SHENZHEN, GUANGDONG, CN",3,2025-04-02 14:49:00+00:00,"SHENZHEN, GUANGDONG, CN",1.3833333333333333,0.0,0.0,0.0,0.0
38,3,2025-04-02 14:49:00+00:00,"SHENZHEN, GUANGDONG, CN",4,2025-04-02 16:48:00+00:00,"HONG KONG, UNKNOWN, HK",1.9833333333333334,31.553267528345533,387.101,6.520555555555555,6.5275
38,4,2025-04-02 16:48:00+00:00,"HONG KONG, UNKNOWN, HK",5,2025-04-02 23:56:00+00:00,"HONG KONG, UNKNOWN, HK",7.133333333333334,0.0,0.0,0.0,0.0
38,5,2025-04-02 23:56:00+00:00,"HONG KONG, UNKNOWN, HK",6,2025-04-03 07:41:00+00:00,"RIFFA, SOUTHERN GOVERNORATE, BH",7.75,6413.354147624791,0.0,0.0,0.0
38,6,2025-04-03 07:41:00+00:00,"RIFFA, SOUTHERN GOVERNORATE, BH",7,2025-04-03 09:13:00+00:00,"RIFFA, SOUTHERN GOVERNORATE, BH",1.5333333333333334,0.0,0.0,0.0,0.0
38,7,2025-04-03 09:13:00+00:00,"RIFFA, SOUTHERN GOVERNORATE, BH",8,2025-04-03 16:03:00+00:00,"LEIPZIG, SAXONY, DE",6.833333333333333,4261.841103880027,5427.291,68.76972222222223,69.22416666666666
38,8,2025-04-03 16:03:00+00:00,"LEIPZIG, SAXONY, DE",9,2025-04-04 02:57:00+00:00,"LEIPZIG, SAXONY, DE",10.9,0.0,0.0,0.0,0.0
38,9,2025-04-04 02:57:00+00:00,"LEIPZIG, SAXONY, DE",10,2025-04-04 04:14:00+00:00,"BRESCIA, LOMBARDY, IT",1.2833333333333334,664.7548532388024,899.247,9.999722222222223,10.136111111111111
38,10,2025-04-04 04:14:00+00:00,"BRESCIA, LOMBARDY, IT",11,2025-04-04 05:14:00+00:00,"BRESCIA, LOMBARDY, IT",1.0,0.0,0.0,0.0,0.0
38,11,2025-04-04 05:14:00+00:00,"BRESCIA, LOMBARDY, IT",12,2025-04-04 06:08:00+00:00,"BERGAMO, LOMBARDY, IT",0.9,46.27743840379541,54.003,0.8108333333333333,0.9216666666666666
38,12,2025-04-04 06:08:00+00:00,"BERGAMO, LOMBARDY, IT",13,2025-04-04 07:24:00+00:00,"BERGAMO, LOMBARDY, IT",1.2666666666666666,0.0,0.0,0.0,0.0
38,13,2025-04-04 07:24:00+00:00,"BERGAMO, LOMBARDY, IT",14,2025-04-04 09:18:00+00:00,"GAZZANIGA, LOMBARDY, IT",1.9,16.64796869542368,18.407,0.39111111111111113,0.48333333333333334
39,1,2025-04-10 19:14:00+00:00,"THIEF RIVER FALLS, MINNESOTA, US",2,2025-04-10 20:27:00+00:00,"THIEF RIVER FALLS, MINNESOTA, US",1.2166666666666666,0.0,0.0,0.0,0.0
39,2,2025-04-10 20:27:00+00:00,"THIEF RIVER FALLS, MINNESOTA, US",3,2025-04-11 01:11:00+00:00,"FARGO, NORTH DAKOTA, US",4.733333333333333,145.49562648013878,182.102,2.4058333333333333,2.4619444444444443
39,3,2025-04-11 01:11:00+00:00,"FARGO, NORTH DAKOTA, US",4,2025-04-11 04:20:00+00:00,"LOUISVILLE, KENTUCKY, US",3.15,1315.7667893029804,1514.223,13.510555555555555,13.530833333333334
39,4,2025-04-11 04:20:00+00:00,"LOUISVILLE, KENTUCKY, US",5,2025-04-11 07:40:00+00:00,"LOUISVILLE, KENTUCKY, US",3.3333333333333335,0.0,0.0,0.0,0.0
39,5,2025-04-11 07:40:00+00:00,"LOUISVILLE, KENTUCKY, US",6,2025-04-11 15:17:00+00:00,"COLOGNE, NORTH RHINE-WESTPHALIA, DE",7.616666666666666,6999.566789901489,0.0,0.0,0.0
39,6,2025-04-11 15:17:00+00:00,"COLOGNE, NORTH RHINE-WESTPHALIA, DE",7,2025-04-13 23:00:00+00:00,"COLOGNE, NORTH RHINE-WESTPHALIA, DE",55.71666666666667,0.0,0.0,0.0,0.0
39,7,2025-04-13 23:00:00+00:00,"COLOGNE, NORTH RHINE-WESTPHALIA, DE",8,2025-04-14 00:06:00+00:00,"SERIATE, LOMBARDY, IT",1.1,618.6780484499756,875.476,9.301388888888889,9.585277777777778
39,8,2025-04-14 00:06:00+00:00,"SERIATE, LOMBARDY, IT",9,2025-04-14 02:09:00+00:00,"SERIATE, LOMBARDY, IT",2.05,0.0,0.0,0.0,0.0
39,9,2025-04-14 02:09:00+00:00,"SERIATE, LOMBARDY, IT",10,2025-04-14 04:00:00+00:00,"TREVIOLO, LOMBARDY, IT",1.85,8.892137250827256,11.636,0.24472222222222223,0.24638888888888888
39,10,2025-04-14 04:00:00+00:00,"TREVIOLO, LOMBARDY, IT",11,2025-04-14 04:35:00+00:00,"TREVIOLO, LOMBARDY, IT",0.5833333333333334,0.0,0.0,0.0,0.0
39,11,2025-04-14 04:35:00+00:00,"TREVIOLO, LOMBARDY, IT",12,2025-04-14 12:44:00+00:00,"GAZZANIGA, LOMBARDY, IT",8.15,21.55081593500288,30.292,0.4816666666666667,0.5272222222222223
40,1,2025-04-15 11:08:00+00:00,"THIEF RIVER FALLS, MINNESOTA, US",2,2025-04-15 17:18:00+00:00,"THIEF RIVER FALLS, MINNESOTA, US",6.166666666666667,0.0,0.0,0.0,0.0
40,2,2025-04-15 17:18:00+00:00,"THIEF RIVER FALLS, MINNESOTA, US",3,2025-04-16 04:19:00+00:00,"LOUISVILLE, KENTUCKY, US",11.016666666666667,1382.5684049584586,1643.584,15.341111111111111,15.655555555555555
40,3,2025-04-16 04:19:00+00:00,"LOUISVILLE, KENTUCKY, US",4,2025-04-16 09:09:00+00:00,"LOUISVILLE, KENTUCKY, US",4.833333333333333,0.0,0.0,0.0,0.0
40,4,2025-04-16 09:09:00+00:00,"LOUISVILLE, KENTUCKY, US",5,2025-04-16 16:43:00+00:00,"COLOGNE, NORTH RHINE-WESTPHALIA, DE",7.566666666666666,6999.566789901489,0.0,0.0,0.0
40,5,2025-04-16 16:43:00+00:00,"COLOGNE, NORTH RHINE-WESTPHALIA, DE",6,2025-04-17 01:00:00+00:00,"COLOGNE, NORTH RHINE-WESTPHALIA, DE",8.283333333333333,0.0,0.0,0.0,0.0
40,6,2025-04-17 01:00:00+00:00,"COLOGNE, NORTH RHINE-WESTPHALIA, DE",7,2025-04-17 02:20:00+00:00,"SERIATE, LOMBARDY, IT",1.3333333333333333,618.6780484499756,875.476,9.301388888888889,9.766111111111112
40,7,2025-04-17 02:20:00+00:00,"SERIATE, LOMBARDY, IT",8,2025-04-17 03:32:00+00:00,"TREVIOLO, LOMBARDY, IT",1.2,8.892137250827256,11.636,0.24472222222222223,0.24666666666666667
40,8,2025-04-17 03:32:00+00:00,"TREVIOLO, LOMBARDY, IT",9,2025-04-17 04:15:00+00:00,"TREVIOLO, LOMBARDY, IT",0.7166666666666667,0.0,0.0,0.0,0.0
40,9,2025-04-17 04:15:00+00:00,"TREVIOLO, LOMBARDY, IT",10,2025-04-17 08:31:00+00:00,"GAZZANIGA, LOMBARDY, IT",4.266666666666667,21.55081593500288,30.292,0.4816666666666667,0.5147222222222222
41,1,2025-04-16 13:45:00+00:00,"SHENZHEN, GUANGDONG, CN",2,2025-04-17 01:20:00+00:00,"SHENZHEN, GUANGDONG, CN",11.583333333333334,0.0,0.0,0.0,0.0
41,2,2025-04-17 01:20:00+00:00,"SHENZHEN, GUANGDONG, CN",3,2025-04-17 03:13:00+00:00,"SHENZHEN, GUANGDONG, CN",1.8833333333333333,0.0,0.0,0.0,0.0
41,3,2025-04-17 03:13:00+00:00,"SHENZHEN, GUANGDONG, CN",4,2025-04-17 04:48:00+00:00,"HONG KONG, UNKNOWN, HK",1.5833333333333333,31.553267528345533,387.101,6.520555555555555,6.651666666666666
41,4,2025-04-17 04:48:00+00:00,"HONG KONG, UNKNOWN, HK",5,2025-04-17 09:34:00+00:00,"HONG KONG, UNKNOWN, HK",4.766666666666667,0.0,0.0,0.0,0.0
41,5,2025-04-17 09:34:00+00:00,"HONG KONG, UNKNOWN, HK",6,2025-04-17 23:10:00+00:00,"LEIPZIG, SAXONY, DE",13.6,8883.743916280235,0.0,0.0,0.0
41,6,2025-04-17 23:10:00+00:00,"LEIPZIG, SAXONY, DE",7,2025-04-18 02:34:00+00:00,"LEIPZIG, SAXONY, DE",3.4,0.0,0.0,0.0,0.0
41,7,2025-04-18 02:34:00+00:00,"LEIPZIG, SAXONY, DE",8,2025-04-18 04:40:00+00:00,"BRESCIA, LOMBARDY, IT",2.1,664.7548532388024,899.247,9.999722222222223,10.125277777777777
41,8,2025-04-18 04:40:00+00:00,"BRESCIA, LOMBARDY, IT",9,2025-04-18 06:11:00+00:00,"BRESCIA, LOMBARDY, IT",1.5166666666666666,0.0,0.0,0.0,0.0
41,9,2025-04-18 06:11:00+00:00,"BRESCIA, LOMBARDY, IT",10,2025-04-18 07:04:00+00:00,"BERGAMO, LOMBARDY, IT",0.8833333333333333,46.27743840379541,57.278,0.8405555555555555,0.9413888888888889
41,10,2025-04-18 07:04:00+00:00,"BERGAMO, LOMBARDY, IT",11,2025-04-18 07:36:00+00:00,"BERGAMO, LOMBARDY, IT",0.5333333333333333,0.0,0.0,0.0,0.0
41,11,2025-04-18 07:36:00+00:00,"BERGAMO, LOMBARDY, IT",12,2025-04-18 09:39:00+00:00,"GAZZANIGA, LOMBARDY, IT",2.05,16.64796869542368,18.407,0.39111111111111113,0.4802777777777778
42,1,2025-05-08 18:06:00+00:00,"THIEF RIVER FALLS, MINNESOTA, US",2,2025-05-08 20:27:00+00:00,"THIEF RIVER FALLS, MINNESOTA, US",2.35,0.0,0.0,0.0,0.0
42,2,2025-05-08 20:27:00+00:00,"THIEF RIVER FALLS, MINNESOTA, US",3,2025-05-09 06:13:00+00:00,"LOUISVILLE, KENTUCKY, US",9.766666666666667,1382.5684049584586,1643.542,15.328611111111112,15.412777777777778
42,3,2025-05-09 06:13:00+00:00,"LOUISVILLE, KENTUCKY, US",4,2025-05-09 09:22:00+00:00,"LOUISVILLE, KENTUCKY, US",3.15,0.0,0.0,0.0,0.0
42,4,2025-05-09 09:22:00+00:00,"LOUISVILLE, KENTUCKY, US",5,2025-05-09 17:20:00+00:00,"COLOGNE, NORTH RHINE-WESTPHALIA, DE",7.966666666666667,6999.566789901489,0.0,0.0,0.0
42,5,2025-05-09 17:20:00+00:00,"COLOGNE, NORTH RHINE-WESTPHALIA, DE",6,2025-05-11 22:45:00+00:00,"COLOGNE, NORTH RHINE-WESTPHALIA, DE",53.416666666666664,0.0,0.0,0.0,0.0
42,6,2025-05-11 22:45:00+00:00,"COLOGNE, NORTH RHINE-WESTPHALIA, DE",7,2025-05-12 00:09:00+00:00,"SERIATE, LOMBARDY, IT",1.4,618.6780484499756,875.476,9.301388888888889,9.594166666666666
42,7,2025-05-12 00:09:00+00:00,"SERIATE, LOMBARDY, IT",8,2025-05-12 01:42:00+00:00,"SERIATE, LOMBARDY, IT",1.55,0.0,0.0,0.0,0.0
42,8,2025-05-12 01:42:00+00:00,"SERIATE, LOMBARDY, IT",9,2025-05-12 03:30:00+00:00,"TREVIOLO, LOMBARDY, IT",1.8,8.892137250827256,11.636,0.24472222222222223,0.24472222222222223
42,9,2025-05-12 03:30:00+00:00,"TREVIOLO, LOMBARDY, IT",10,2025-05-12 04:34:00+00:00,"TREVIOLO, LOMBARDY, IT",1.0666666666666667,0.0,0.0,0.0,0.0
42,10,2025-05-12 04:34:00+00:00,"TREVIOLO, LOMBARDY, IT",11,2025-05-12 08:51:00+00:00,"GAZZANIGA, LOMBARDY, IT",4.283333333333333,21.55081593500288,30.292,0.4816666666666667,0.5255555555555556
43,1,2025-04-28 16:53:00+00:00,"THIEF RIVER FALLS, MINNESOTA, US",2,2025-04-28 17:10:00+00:00,"THIEF RIVER FALLS, MINNESOTA, US",0.2833333333333333,0.0,0.0,0.0,0.0
43,2,2025-04-28 17:10:00+00:00,"THIEF RIVER FALLS, MINNESOTA, US",3,2025-04-29 01:07:00+00:00,"FARGO, NORTH DAKOTA, US",7.95,145.49562648013878,182.102,2.4058333333333333,2.4475
43,3,2025-04-29 01:07:00+00:00,"FARGO, NORTH DAKOTA, US",4,2025-04-29 04:08:00+00:00,"LOUISVILLE, KENTUCKY, US",3.0166666666666666,1315.7667893029804,1514.223,13.510555555555555,13.55
43,4,2025-04-29 04:08:00+00:00,"LOUISVILLE, KENTUCKY, US",5,2025-04-29 07:40:00+00:00,"LOUISVILLE, KENTUCKY, US",3.533333333333333,0.0,0.0,0.0,0.0
43,5,2025-04-29 07:40:00+00:00,"LOUISVILLE, KENTUCKY, US",6,2025-04-29 15:36:00+00:00,"COLOGNE, NORTH RHINE-WESTPHALIA, DE",7.933333333333334,6999.566789901489,0.0,0.0,0.0
43,6,2025-04-29 15:36:00+00:00,"COLOGNE, NORTH RHINE-WESTPHALIA, DE",7,2025-04-30 01:00:00+00:00,"COLOGNE, NORTH RHINE-WESTPHALIA, DE",9.4,0.0,0.0,0.0,0.0
43,7,2025-04-30 01:00:00+00:00,"COLOGNE, NORTH RHINE-WESTPHALIA, DE",8,2025-04-30 02:07:00+00:00,"SERIATE, LOMBARDY, IT",1.1166666666666667,618.6780484499756,875.476,9.301388888888889,9.72861111111111
43,8,2025-04-30 02:07:00+00:00,"SERIATE, LOMBARDY, IT",9,2025-04-30 03:44:00+00:00,"SERIATE, LOMBARDY, IT",1.6166666666666667,0.0,0.0,0.0,0.0
43,9,2025-04-30 03:44:00+00:00,"SERIATE, LOMBARDY, IT",10,2025-04-30 03:48:00+00:00,"TREVIOLO, LOMBARDY, IT",0.06666666666666667,8.892137250827256,11.636,0.24472222222222223,0.2511111111111111
43,10,2025-04-30 03:48:00+00:00,"TREVIOLO, LOMBARDY, IT",11,2025-04-30 03:57:00+00:00,"TREVIOLO, LOMBARDY, IT",0.15,0.0,0.0,0.0,0.0
43,11,2025-04-30 03:57:00+00:00,"TREVIOLO, LOMBARDY, IT",12,2025-04-30 12:08:00+00:00,"GAZZANIGA, LOMBARDY, IT",8.183333333333334,21.55081593500288,30.292,0.4816666666666667,0.49972222222222223
44,1,2025-05-02 16:18:00+00:00,"THIEF RIVER FALLS, MINNESOTA, US",2,2025-05-02 17:10:00+00:00,"THIEF RIVER FALLS, MINNESOTA, US",0.8666666666666667,0.0,0.0,0.0,0.0
44,2,2025-05-02 17:10:00+00:00,"THIEF RIVER FALLS, MINNESOTA, US",3,2025-05-03 01:06:00+00:00,"FARGO, NORTH DAKOTA, US",7.933333333333334,145.49562648013878,182.102,2.4058333333333333,2.4475
44,3,2025-05-03 01:06:00+00:00,"FARGO, NORTH DAKOTA, US",4,2025-05-03 04:10:00+00:00,"LOUISVILLE, KENTUCKY, US",3.066666666666667,1315.7667893029804,1514.223,13.510555555555555,13.523055555555555
44,4,2025-05-03 04:10:00+00:00,"LOUISVILLE, KENTUCKY, US",5,2025-05-03 15:51:00+00:00,"LOUISVILLE, KENTUCKY, US",11.683333333333334,0.0,0.0,0.0,0.0
44,5,2025-05-03 15:51:00+00:00,"LOUISVILLE, KENTUCKY, US",6,2025-05-03 23:24:00+00:00,"COLOGNE, NORTH RHINE-WESTPHALIA, DE",7.55,6999.566789901489,0.0,0.0,0.0
44,6,2025-05-03 23:24:00+00:00,"COLOGNE, NORTH RHINE-WESTPHALIA, DE",7,2025-05-04 23:00:00+00:00,"COLOGNE, NORTH RHINE-WESTPHALIA, DE",23.6,0.0,0.0,0.0,0.0
44,7,2025-05-04 23:00:00+00:00,"COLOGNE, NORTH RHINE-WESTPHALIA, DE",8,2025-05-05 00:08:00+00:00,"SERIATE, LOMBARDY, IT",1.1333333333333333,618.6780484499756,875.476,9.301388888888889,9.585277777777778
44,8,2025-05-05 00:08:00+00:00,"SERIATE, LOMBARDY, IT",9,2025-05-05 02:41:00+00:00,"SERIATE, LOMBARDY, IT",2.55,0.0,0.0,0.0,0.0
44,9,2025-05-05 02:41:00+00:00,"SERIATE, LOMBARDY, IT",10,2025-05-05 03:40:00+00:00,"TREVIOLO, LOMBARDY, IT",0.9833333333333333,8.892137250827256,11.636,0.24472222222222223,0.24722222222222223
44,10,2025-05-05 03:40:00+00:00,"TREVIOLO, LOMBARDY, IT",11,2025-05-05 05:11:00+00:00,"TREVIOLO, LOMBARDY, IT",1.5166666666666666,0.0,0.0,0.0,0.0
44,11,2025-05-05 05:11:00+00:00,"TREVIOLO, LOMBARDY, IT",12,2025-05-05 13:53:00+00:00,"GAZZANIGA, LOMBARDY, IT",8.7,21.55081593500288,30.292,0.4816666666666667,0.5775
45,1,2025-05-08 13:56:00+00:00,"THIEF RIVER FALLS, MINNESOTA, US",2,2025-05-08 17:18:00+00:00,"THIEF RIVER FALLS, MINNESOTA, US",3.3666666666666667,0.0,0.0,0.0,0.0
45,2,2025-05-08 17:18:00+00:00,"THIEF RIVER FALLS, MINNESOTA, US",3,2025-05-09 01:21:00+00:00,"FARGO, NORTH DAKOTA, US",8.05,145.49562648013878,182.102,2.4058333333333333,2.4494444444444445
45,3,2025-05-09 01:21:00+00:00,"FARGO, NORTH DAKOTA, US",4,2025-05-09 04:48:00+00:00,"LOUISVILLE, KENTUCKY, US",3.45,1315.7667893029804,1514.223,13.510555555555555,13.530833333333334
45,4,2025-05-09 04:48:00+00:00,"LOUISVILLE, KENTUCKY, US",5,2025-05-09 07:43:00+00:00,"LOUISVILLE, KENTUCKY, US",2.9166666666666665,0.0,0.0,0.0,0.0
45,5,2025-05-09 07:43:00+00:00,"LOUISVILLE, KENTUCKY, US",6,2025-05-09 15:42:00+00:00,"COLOGNE, NORTH RHINE-WESTPHALIA, DE",7.983333333333333,6999.566789901489,0.0,0.0,0.0
45,6,2025-05-09 15:42:00+00:00,"COLOGNE, NORTH RHINE-WESTPHALIA, DE",7,2025-05-11 22:45:00+00:00,"COLOGNE, NORTH RHINE-WESTPHALIA, DE",55.05,0.0,0.0,0.0,0.0
45,7,2025-05-11 22:45:00+00:00,"COLOGNE, NORTH RHINE-WESTPHALIA, DE",8,2025-05-12 00:09:00+00:00,"SERIATE, LOMBARDY, IT",1.4,618.6780484499756,875.476,9.301388888888889,9.594166666666666
45,8,2025-05-12 00:09:00+00:00,"SERIATE, LOMBARDY, IT",9,2025-05-12 01:42:00+00:00,"SERIATE, LOMBARDY, IT",1.55,0.0,0.0,0.0,0.0
45,9,2025-05-12 01:42:00+00:00,"SERIATE, LOMBARDY, IT",10,2025-05-12 03:30:00+00:00,"TREVIOLO, LOMBARDY, IT",1.8,8.892137250827256,11.636,0.24472222222222223,0.24472222222222223
45,10,2025-05-12 03:30:00+00:00,"TREVIOLO, LOMBARDY, IT",11,2025-05-12 04:37:00+00:00,"TREVIOLO, LOMBARDY, IT",1.1166666666666667,0.0,0.0,0.0,0.0
45,11,2025-05-12 04:37:00+00:00,"TREVIOLO, LOMBARDY, IT",12,2025-05-12 13:21:00+00:00,"GAZZANIGA, LOMBARDY, IT",8.733333333333333,21.55081593500288,30.292,0.4816666666666667,0.5291666666666667
46,1,2025-05-07 14:22:00+00:00,"THIEF RIVER FALLS, MINNESOTA, US",2,2025-05-07 17:18:00+00:00,"FARGO, NORTH DAKOTA, US",2.933333333333333,145.49562648013878,182.102,2.4058333333333333,2.450833333333333
46,2,2025-05-07 17:18:00+00:00,"FARGO, NORTH DAKOTA, US",3,2025-05-08 01:00:00+00:00,"LOUISVILLE, KENTUCKY, US",7.7,1315.7667893029804,1514.253,13.514722222222222,13.795833333333333
46,3,2025-05-08 01:00:00+00:00,"LOUISVILLE, KENTUCKY, US",4,2025-05-08 09:31:00+00:00,"LOUISVILLE, KENTUCKY, US",8.516666666666667,0.0,0.0,0.0,0.0
46,4,2025-05-08 09:31:00+00:00,"LOUISVILLE, KENTUCKY, US",5,2025-05-08 17:16:00+00:00,"COLOGNE, NORTH RHINE-WESTPHALIA, DE",7.75,6999.566789901489,0.0,0.0,0.0
46,5,2025-05-08 17:16:00+00:00,"COLOGNE, NORTH RHINE-WESTPHALIA, DE",6,2025-05-09 01:00:00+00:00,"COLOGNE, NORTH RHINE-WESTPHALIA, DE",7.733333333333333,0.0,0.0,0.0,0.0
46,6,2025-05-09 01:00:00+00:00,"COLOGNE, NORTH RHINE-WESTPHALIA, DE",7,2025-05-09 01:54:00+00:00,"SERIATE, LOMBARDY, IT",0.9,618.6780484499756,875.476,9.301388888888889,9.669166666666667
46,7,2025-05-09 01:54:00+00:00,"SERIATE, LOMBARDY, IT",8,2025-05-09 03:30:00+00:00,"TREVIOLO, LOMBARDY, IT",1.6,8.892137250827256,11.636,0.24472222222222223,0.2452777777777778
46,8,2025-05-09 03:30:00+00:00,"TREVIOLO, LOMBARDY, IT",9,2025-05-09 03:49:00+00:00,"TREVIOLO, LOMBARDY, IT",0.31666666666666665,0.0,0.0,0.0,0.0
46,9,2025-05-09 03:49:00+00:00,"TREVIOLO, LOMBARDY, IT",10,2025-05-09 09:04:00+00:00,"GAZZANIGA, LOMBARDY, IT",5.25,21.55081593500288,30.292,0.4816666666666667,0.49416666666666664
47,1,2025-05-08 18:18:00+00:00,"THIEF RIVER FALLS, MINNESOTA, US",2,2025-05-08 20:27:00+00:00,"THIEF RIVER FALLS, MINNESOTA, US",2.15,0.0,0.0,0.0,0.0
47,2,2025-05-08 20:27:00+00:00,"THIEF RIVER FALLS, MINNESOTA, US",3,2025-05-09 01:21:00+00:00,"FARGO, NORTH DAKOTA, US",4.9,145.49562648013878,182.102,2.4058333333333333,2.4619444444444443
47,3,2025-05-09 01:21:00+00:00,"FARGO, NORTH DAKOTA, US",4,2025-05-09 04:48:00+00:00,"LOUISVILLE, KENTUCKY, US",3.45,1315.7667893029804,1514.223,13.510555555555555,13.530833333333334
47,4,2025-05-09 04:48:00+00:00,"LOUISVILLE, KENTUCKY, US",5,2025-05-09 07:43:00+00:00,"LOUISVILLE, KENTUCKY, US",2.9166666666666665,0.0,0.0,0.0,0.0
47,5,2025-05-09 07:43:00+00:00,"LOUISVILLE, KENTUCKY, US",6,2025-05-09 15:42:00+00:00,"COLOGNE, NORTH RHINE-WESTPHALIA, DE",7.983333333333333,6999.566789901489,0.0,0.0,0.0
47,6,2025-05-09 15:42:00+00:00,"COLOGNE, NORTH RHINE-WESTPHALIA, DE",7,2025-05-11 22:45:00+00:00,"COLOGNE, NORTH RHINE-WESTPHALIA, DE",55.05,0.0,0.0,0.0,0.0
47,7,2025-05-11 22:45:00+00:00,"COLOGNE, NORTH RHINE-WESTPHALIA, DE",8,2025-05-12 00:09:00+00:00,"SERIATE, LOMBARDY, IT",1.4,618.6780484499756,875.476,9.301388888888889,9.594166666666666
47,8,2025-05-12 00:09:00+00:00,"SERIATE, LOMBARDY, IT",9,2025-05-12 01:42:00+00:00,"SERIATE, LOMBARDY, IT",1.55,0.0,0.0,0.0,0.0
47,9,2025-05-12 01:42:00+00:00,"SERIATE, LOMBARDY, IT",10,2025-05-12 03:30:00+00:00,"TREVIOLO, LOMBARDY, IT",1.8,8.892137250827256,11.636,0.24472222222222223,0.24472222222222223
47,10,2025-05-12 03:30:00+00:00,"TREVIOLO, LOMBARDY, IT",11,2025-05-12 04:23:00+00:00,"TREVIOLO, LOMBARDY, IT",0.8833333333333333,0.0,0.0,0.0,0.0
47,11,2025-05-12 04:23:00+00:00,"TREVIOLO, LOMBARDY, IT",12,2025-05-12 13:21:00+00:00,"GAZZANIGA, LOMBARDY, IT",8.966666666666667,21.55081593500288,30.292,0.4816666666666667,0.5147222222222222
48,1,2025-05-07 23:47:00+00:00,"THIEF RIVER FALLS, MINNESOTA, US",2,2025-05-08 02:00:00+00:00,"THIEF RIVER FALLS, MINNESOTA, US",2.216666666666667,0.0,0.0,0.0,0.0
48,2,2025-05-08 02:00:00+00:00,"THIEF RIVER FALLS, MINNESOTA, US",3,2025-05-08 06:20:00+00:00,"THIEF RIVER FALLS, MINNESOTA, US",4.333333333333333,0.0,0.0,0.0,0.0
48,3,2025-05-08 06:20:00+00:00,"THIEF RIVER FALLS, MINNESOTA, US",4,2025-05-08 09:31:00+00:00,"LOUISVILLE, KENTUCKY, US",3.183333333333333,1382.5684049584586,1653.209,15.406666666666666,15.743611111111111
48,4,2025-05-08 09:31:00+00:00,"LOUISVILLE, KENTUCKY, US",5,2025-05-08 17:16:00+00:00,"COLOGNE, NORTH RHINE-WESTPHALIA, DE",7.75,6999.566789901489,0.0,0.0,0.0
48,5,2025-05-08 17:16:00+00:00,"COLOGNE, NORTH RHINE-WESTPHALIA, DE",6,2025-05-09 01:00:00+00:00,"COLOGNE, NORTH RHINE-WESTPHALIA, DE",7.733333333333333,0.0,0.0,0.0,0.0
48,6,2025-05-09 01:00:00+00:00,"COLOGNE, NORTH RHINE-WESTPHALIA, DE",7,2025-05-09 01:54:00+00:00,"SERIATE, LOMBARDY, IT",0.9,618.6780484499756,875.476,9.301388888888889,9.669166666666667
48,7,2025-05-09 01:54:00+00:00,"SERIATE, LOMBARDY, IT",8,2025-05-09 03:30:00+00:00,"TREVIOLO, LOMBARDY, IT",1.6,8.892137250827256,11.636,0.24472222222222223,0.2452777777777778
48,8,2025-05-09 03:30:00+00:00,"TREVIOLO, LOMBARDY, IT",9,2025-05-09 03:45:00+00:00,"TREVIOLO, LOMBARDY, IT",0.25,0.0,0.0,0.0,0.0
48,9,2025-05-09 03:45:00+00:00,"TREVIOLO, LOMBARDY, IT",10,2025-05-09 12:21:00+00:00,"GAZZANIGA, LOMBARDY, IT",8.6,21.55081593500288,30.292,0.4816666666666667,0.49277777777777776
49,1,2025-05-08 06:27:00+00:00,"LOUISVILLE, KENTUCKY, US",2,2025-05-08 09:31:00+00:00,"LOUISVILLE, KENTUCKY, US",3.066666666666667,0.0,0.0,0.0,0.0
49,2,2025-05-08 09:31:00+00:00,"LOUISVILLE, KENTUCKY, US",3,2025-05-08 17:16:00+00:00,"COLOGNE, NORTH RHINE-WESTPHALIA, DE",7.75,6999.566789901489,0.0,0.0,0.0
49,3,2025-05-08 17:16:00+00:00,"COLOGNE, NORTH RHINE-WESTPHALIA, DE",4,2025-05-09 01:00:00+00:00,"COLOGNE, NORTH RHINE-WESTPHALIA, DE",7.733333333333333,0.0,0.0,0.0,0.0
49,4,2025-05-09 01:00:00+00:00,"COLOGNE, NORTH RHINE-WESTPHALIA, DE",5,2025-05-09 01:54:00+00:00,"SERIATE, LOMBARDY, IT",0.9,618.6780484499756,875.476,9.301388888888889,9.669166666666667
49,5,2025-05-09 01:54:00+00:00,"SERIATE, LOMBARDY, IT",6,2025-05-09 03:22:00+00:00,"SERIATE, LOMBARDY, IT",1.4666666666666666,0.0,0.0,0.0,0.0
49,6,2025-05-09 03:22:00+00:00,"SERIATE, LOMBARDY, IT",7,2025-05-09 03:30:00+00:00,"TREVIOLO, LOMBARDY, IT",0.13333333333333333,8.892137250827256,11.636,0.24472222222222223,0.24833333333333332
49,7,2025-05-09 03:30:00+00:00,"TREVIOLO, LOMBARDY, IT",8,2025-05-09 03:45:00+00:00,"TREVIOLO, LOMBARDY, IT",0.25,0.0,0.0,0.0,0.0
49,8,2025-05-09 03:45:00+00:00,"TREVIOLO, LOMBARDY, IT",9,2025-05-09 12:21:00+00:00,"GAZZANIGA, LOMBARDY, IT",8.6,21.55081593500288,30.292,0.4816666666666667,0.49277777777777776
50,1,2025-05-08 18:17:00+00:00,"THIEF RIVER FALLS, MINNESOTA, US",2,2025-05-08 20:27:00+00:00,"THIEF RIVER FALLS, MINNESOTA, US",2.1666666666666665,0.0,0.0,0.0,0.0
50,2,2025-05-08 20:27:00+00:00,"THIEF RIVER FALLS, MINNESOTA, US",3,2025-05-09 09:22:00+00:00,"LOUISVILLE, KENTUCKY, US",12.916666666666666,1382.5684049584586,1643.542,15.328611111111112,15.412777777777778
50,3,2025-05-09 09:22:00+00:00,"LOUISVILLE, KENTUCKY, US",4,2025-05-09 17:20:00+00:00,"COLOGNE, NORTH RHINE-WESTPHALIA, DE",7.966666666666667,6999.566789901489,0.0,0.0,0.0
50,4,2025-05-09 17:20:00+00:00,"COLOGNE, NORTH RHINE-WESTPHALIA, DE",5,2025-05-11 22:45:00+00:00,"COLOGNE, NORTH RHINE-WESTPHALIA, DE",53.416666666666664,0.0,0.0,0.0,0.0
50,5,2025-05-11 22:45:00+00:00,"COLOGNE, NORTH RHINE-WESTPHALIA, DE",6,2025-05-12 00:09:00+00:00,"SERIATE, LOMBARDY, IT",1.4,618.6780484499756,875.476,9.301388888888889,9.594166666666666
50,6,2025-05-12 00:09:00+00:00,"SERIATE, LOMBARDY, IT",7,2025-05-12 01:42:00+00:00,"SERIATE, LOMBARDY, IT",1.55,0.0,0.0,0.0,0.0
50,7,2025-05-12 01:42:00+00:00,"SERIATE, LOMBARDY, IT",8,2025-05-12 03:30:00+00:00,"TREVIOLO, LOMBARDY, IT",1.8,8.892137250827256,11.636,0.24472222222222223,0.24472222222222223
50,8,2025-05-12 03:30:00+00:00,"TREVIOLO, LOMBARDY, IT",9,2025-05-12 04:36:00+00:00,"TREVIOLO, LOMBARDY, IT",1.1,0.0,0.0,0.0,0.0
50,9,2025-05-12 04:36:00+00:00,"TREVIOLO, LOMBARDY, IT",10,2025-05-12 13:21:00+00:00,"GAZZANIGA, LOMBARDY, IT",8.75,21.55081593500288,30.292,0.4816666666666667,0.5283333333333333
51,1,2025-05-09 19:07:00+00:00,"THIEF RIVER FALLS, MINNESOTA, US",2,2025-05-09 20:27:00+00:00,"THIEF RIVER FALLS, MINNESOTA, US",1.3333333333333333,0.0,0.0,0.0,0.0
51,2,2025-05-09 20:27:00+00:00,"THIEF RIVER FALLS, MINNESOTA, US",3,2025-05-10 00:56:00+00:00,"FARGO, NORTH DAKOTA, US",4.483333333333333,145.49562648013878,182.102,2.4058333333333333,2.4544444444444444
51,3,2025-05-10 00:56:00+00:00,"FARGO, NORTH DAKOTA, US",4,2025-05-10 04:02:00+00:00,"LOUISVILLE, KENTUCKY, US",3.1,1315.7667893029804,1514.223,13.510555555555555,13.522777777777778
51,4,2025-05-10 04:02:00+00:00,"LOUISVILLE, KENTUCKY, US",5,2025-05-10 19:24:00+00:00,"LOUISVILLE, KENTUCKY, US",15.366666666666667,0.0,0.0,0.0,0.0
51,5,2025-05-10 19:24:00+00:00,"LOUISVILLE, KENTUCKY, US",6,2025-05-11 03:17:00+00:00,"COLOGNE, NORTH RHINE-WESTPHALIA, DE",7.883333333333334,6999.566789901489,0.0,0.0,0.0
51,6,2025-05-11 03:17:00+00:00,"COLOGNE, NORTH RHINE-WESTPHALIA, DE",7,2025-05-11 18:47:00+00:00,"COLOGNE, NORTH RHINE-WESTPHALIA, DE",15.5,0.0,0.0,0.0,0.0
51,7,2025-05-11 18:47:00+00:00,"COLOGNE, NORTH RHINE-WESTPHALIA, DE",8,2025-05-12 00:09:00+00:00,"SERIATE, LOMBARDY, IT",5.366666666666666,618.6780484499756,875.476,9.301388888888889,9.324722222222222
51,8,2025-05-12 00:09:00+00:00,"SERIATE, LOMBARDY, IT",9,2025-05-12 01:42:00+00:00,"SERIATE, LOMBARDY, IT",1.55,0.0,0.0,0.0,0.0
51,9,2025-05-12 01:42:00+00:00,"SERIATE, LOMBARDY, IT",10,2025-05-12 03:30:00+00:00,"TREVIOLO, LOMBARDY, IT",1.8,8.892137250827256,11.636,0.24472222222222223,0.24472222222222223
51,10,2025-05-12 03:30:00+00:00,"TREVIOLO, LOMBARDY, IT",11,2025-05-12 04:27:00+00:00,"TREVIOLO, LOMBARDY, IT",0.95,0.0,0.0,0.0,0.0
51,11,2025-05-12 04:27:00+00:00,"TREVIOLO, LOMBARDY, IT",12,2025-05-12 13:21:00+00:00,"GAZZANIGA, LOMBARDY, IT",8.9,21.55081593500288,30.292,0.4816666666666667,0.5191666666666667
