source_id,destination_id,order_id
20,45,19
37,16,7
14,53,10
36,53,13
52,53,22
28,21,2
6,26,21
28,21,20
54,37,43
44,9,27
20,60,3
12,47,5
33,36,21
35,56,27
52,53,8
41,18,31
52,53,17
52,53,26
28,21,6
54,37,29
54,37,47
20,60,7
10,24,5
33,36,34
21,15,2
55,45,23
21,15,20
16,20,45
52,53,12
38,45,1
22,45,15
20,60,2
60,14,48
33,36,11
40,46,17
21,15,6
32,5,26
16,20,40
16,20,49
52,53,16
4,45,11
54,37,28
60,14,43
7,18,32
33,36,15
58,10,26
15,20,2
15,20,20
19,59,5
16,20,35
16,20,44
12,19,22
22,45,14
60,14,29
60,14,47
33,36,1
15,20,6
24,52,5
16,20,30
12,19,8
15,20,24
16,20,39
6,35,27
2,54,39
16,20,48
2,54,48
24,52,32
18,10,32
6,55,23
54,16,35
56,33,27
9,6,41
46,3,17
60,14,24
60,14,42
60,14,51
6,20,19
16,20,7
15,20,10
45,33,21
16,20,43
37,16,44
2,54,43
14,53,47
9,6,27
54,16,30
60,14,10
42,22,15
54,16,48
60,14,28
60,14,46
20,60,49
26,45,21
16,20,29
2,54,29
29,45,18
37,16,39
14,53,42
18,10,22
45,33,34
2,54,47
14,53,51
20,60,44
47,19,16
45,33,11
14,53,28
36,53,31
18,10,8
37,16,43
2,54,42
14,53,46
34,29,18
45,33,38
17,45,31
60,14,9
42,22,14
20,60,30
20,60,39
20,60,48
3,49,25
37,16,29
45,33,15
2,54,28
18,10,12
37,16,47
60,14,4
20,60,43
10,24,32
14,53,9
45,33,1
5,58,26
36,53,21
45,33,19
14,53,36
28,21,10
54,37,51
2,37,46
20,60,20
20,60,29
20,60,47
33,36,38
14,53,4
2,54,9
52,53,25
36,53,34
50,9,34
20,60,6
20,60,24
33,36,33
10,24,22
21,15,10
31,9,41
19,18,22
2,54,4
47,19,5
39,7,32
36,53,11
30,3,25
49,10,25
6,45,41
20,60,10
20,60,28
33,36,19
10,24,8
12,47,12
10,24,17
33,36,37
10,24,26
61,9,38
19,18,8
35,45,34
14,53,3
36,53,15
54,37,9
54,37,36
54,37,45
33,36,14
51,6,21
33,36,23
10,24,12
12,47,16
33,36,41
1,17,33
19,18,12
35,45,38
36,53,1
9,38,1
54,37,4
22,45,13
13,41,31
20,60,9
33,36,18
33,36,27
10,24,16
24,52,22
16,20,47
52,53,5
43,57,17
60,14,50
23,30,25
33,36,13
33,36,31
24,52,8
24,52,17
59,18,16
16,20,42
24,52,26
16,20,51
2,54,51
44,9,23
60,14,36
60,14,45
16,20,28
24,52,12
19,59,16
16,20,46
6,35,34
45,33,33
14,53,50
54,37,7
54,16,42
60,14,40
60,14,49
24,52,16
18,10,16
24,52,25
14,53,45
16,20,50
6,35,38
45,33,37
2,54,50
37,16,51
42,22,13
9,6,34
60,14,35
23,30,1
60,14,44
30,9,1
16,20,9
37,16,28
45,33,14
16,20,36
45,33,23
2,54,36
14,53,40
37,16,46
2,54,45
14,53,49
45,33,41
60,14,3
11,4,11
8,16,49
9,6,38
54,16,50
60,14,30
60,14,39
20,60,42
20,60,51
57,10,17
16,20,4
59,18,5
45,33,18
14,53,35
36,53,38
2,54,40
14,53,44
6,35,37
3,43,17
60,14,7
27,1,33
20,60,46
37,16,9
18,17,31
45,33,13
14,53,30
37,16,36
28,15,24
36,53,33
2,54,35
14,53,39
37,16,45
45,33,31
2,54,44
14,53,48
17,45,33
60,14,2
9,6,37
54,16,40
60,14,20
20,60,50
16,20,3
37,16,4
2,54,3
14,53,7
36,53,19
18,10,5
2,54,30
36,53,37
14,53,43
9,6,23
60,14,6
25,48,19
20,60,36
20,60,45
10,24,25
48,6,19
14,53,2
2,54,7
36,53,14
14,53,20
36,53,23
14,53,29
52,53,32
36,53,41
54,16,3
54,37,44
20,60,4
44,9,37
20,60,40
35,45,37
14,53,6
47,19,12
36,53,18
14,53,24
36,53,27
54,37,39
20,60,35
