order_id,order_step_source,interpolation_step,latitude,longitude,step_distance_km,timestamp,weather_codes,temperature
1,3,0,23.01797,113.74866,200.0,2025-01-14T18:05+00:00,type_43,-5.2
1,3,1,22.54554,114.0683,61.76106560783246,2025-01-14T21:46+00:00,type_43,-5.8
1,5,0,22.54554,114.0683,2345.468862908019,2025-01-16T04:03+00:00,type_43,6.0
1,5,1,38.67881518646234,98.1229511044798,2345.468862908019,2025-01-16T08:47+00:00,type_42,15.3
1,5,2,51.458843600107954,74.1309685474877,2345.468862908019,2025-01-16T13:32+00:00,type_41,-7.0
1,5,3,56.58128361442676,38.97663975204033,2345.468862908019,2025-01-16T18:16+00:00,"type_31, type_41",1.0
1,5,4,50.85045,4.34878,2345.471079985375,2025-01-16T23:01+00:00,type_41,1.5
1,7,0,50.85045,4.34878,200.0,2025-01-16T23:02+00:00,type_41,1.5
1,7,1,51.08714750783226,7.1713663229068825,200.0,2025-01-16T23:44+00:00,type_43,-1.1
1,7,2,51.25506171044682,10.018676223736652,200.0,2025-01-17T00:26+00:00,type_43,-0.2
1,7,3,51.33962,12.37129,164.35258785054953,2025-01-17T01:01+00:00,type_42,-0.5
1,9,0,51.33962,12.37129,200.0,2025-01-17T04:02+00:00,type_42,-1.2
1,9,1,49.59807661452899,11.67107821996662,200.0,2025-01-17T04:28+00:00,type_41,-0.7
1,9,2,47.85206128605934,11.019095628165212,200.0,2025-01-17T04:54+00:00,type_41,-0.7
1,9,3,46.10204966533408,10.409520874571328,200.0,2025-01-17T05:20+00:00,type_43,-2.0
1,9,4,45.53558,10.21472,64.75629863685276,2025-01-17T05:29+00:00,type_43,-2.0
1,11,0,45.53558,10.21472,200.0,2025-01-17T07:15+00:00,type_43,-1.2
1,11,1,45.69601,9.66721,46.27743840379541,2025-01-17T07:59+00:00,type_43,-1.2
1,13,0,45.69601,9.66721,200.0,2025-01-17T08:28+00:00,type_43,-0.2
1,13,1,45.79339,9.82976,16.64796869542368,2025-01-17T10:40+00:00,type_42,4.9
2,2,0,53.79648,-1.54785,200.0,2025-01-09T18:30+00:00,type_43,1.1
2,2,1,52.84291,-1.34188,107.0087934889708,2025-01-09T20:38+00:00,type_43,-0.3
2,4,0,52.84291,-1.34188,200.0,2025-01-09T21:57+00:00,type_43,-0.5
2,4,1,52.27914917234236,1.458676272652575,200.0,2025-01-09T22:20+00:00,type_43,-0.5
2,4,2,51.65063751000656,4.185098448745484,200.0,2025-01-09T22:44+00:00,type_42,0.8
2,4,3,50.960538357518054,6.833572429458142,200.0,2025-01-09T23:07+00:00,type_43,0.6
2,6,0,50.93333,6.95,200.0,2025-01-10T03:30+00:00,"type_21, type_41",0.6
2,6,1,49.24424173742777,7.908337993839992,200.0,2025-01-10T03:48+00:00,type_42,0.9
2,6,2,47.54723054159313,8.803299016476835,200.0,2025-01-10T04:06+00:00,type_42,0.6
2,6,3,45.84316683202015,9.642166306435328,200.0,2025-01-10T04:24+00:00,type_42,4.0
2,6,4,45.68532,9.72487,18.686605724746205,2025-01-10T04:26+00:00,type_42,4.0
2,8,0,45.68532,9.72487,200.0,2025-01-10T05:55+00:00,type_42,3.1
2,8,1,45.67368,9.61195,8.892137250827256,2025-01-10T06:00+00:00,type_21,4.0
2,10,0,45.67368,9.61195,200.0,2025-01-13T04:51+00:00,type_43,-4.0
2,10,1,45.79339,9.82976,21.55081593500288,2025-01-13T09:19+00:00,type_43,1.8
3,2,0,48.11914,-96.18115,345.64210123961465,2025-01-11T03:00+00:00,type_41,-6.6
3,2,1,45.744811565574416,-93.24970107730945,345.64210123961465,2025-01-11T04:19+00:00,type_41,-6.7
3,2,2,43.30042720453799,-90.5601002874802,345.64210123961465,2025-01-11T05:39+00:00,type_41,-2.6
3,2,3,40.7966392906047,-88.08016861270539,345.64210123961465,2025-01-11T06:58+00:00,type_41,-1.6
3,2,4,38.25424,-85.75941,345.64812994681307,2025-01-11T08:18+00:00,type_41,-2.1
3,4,0,38.25424,-85.75941,1749.8916974753722,2025-01-14T09:23+00:00,type_43,-12.1
3,4,1,48.28958911127663,-69.03856872365594,1749.8916974753722,2025-01-14T11:19+00:00,type_42,-3.7
3,6,0,50.93333,6.95,200.0,2025-01-14T22:32+00:00,"type_21, type_41",1.2
3,6,1,49.24424173742777,7.908337993839992,200.0,2025-01-14T23:56+00:00,type_41,0.9
3,6,2,47.54723054159313,8.803299016476835,200.0,2025-01-15T01:21+00:00,type_43,-5.2
3,6,3,45.84316683202015,9.642166306435328,200.0,2025-01-15T02:46+00:00,type_43,-3.0
3,6,4,45.68532,9.72487,18.686605724746205,2025-01-15T02:54+00:00,type_43,-3.0
3,8,0,45.68532,9.72487,200.0,2025-01-15T04:25+00:00,type_43,-3.1
3,8,1,45.67368,9.61195,8.892137250827256,2025-01-15T04:30+00:00,type_43,-3.1
3,10,0,45.67368,9.61195,200.0,2025-01-15T04:48+00:00,type_43,-3.1
3,10,1,45.79339,9.82976,21.55081593500288,2025-01-15T09:47+00:00,type_43,-0.9
4,2,0,48.11914,-96.18115,200.0,2025-01-13T18:10+00:00,type_42,-15.0
4,2,1,46.87719,-96.7898,145.49562648013878,2025-01-14T03:08+00:00,type_43,-25.9
4,3,0,46.87719,-96.7898,328.9416973257451,2025-01-14T03:08+00:00,type_43,-25.9
4,3,1,44.8230467368047,-93.74019830676302,328.9416973257451,2025-01-14T03:53+00:00,type_41,-16.1
4,3,2,42.69235420529611,-90.90351460604303,328.9416973257451,2025-01-14T04:38+00:00,type_41,-10.9
4,3,3,40.49528512453608,-88.25718715597552,328.9416973257451,2025-01-14T05:23+00:00,type_43,-12.7
4,3,4,38.25424,-85.75941,328.9480959556589,2025-01-14T06:09+00:00,type_43,-9.3
4,5,0,38.25424,-85.75941,1749.8916974753722,2025-01-14T11:07+00:00,type_43,-11.6
4,5,1,48.28958911127663,-69.03856872365594,1749.8916974753722,2025-01-14T13:01+00:00,type_42,-3.3
4,7,0,50.93333,6.95,200.0,2025-01-14T22:21+00:00,"type_21, type_41",1.2
4,7,1,49.24424173742777,7.908337993839992,200.0,2025-01-14T23:49+00:00,type_41,0.9
4,7,2,47.54723054159313,8.803299016476835,200.0,2025-01-15T01:17+00:00,type_43,-5.2
4,7,3,45.84316683202015,9.642166306435328,200.0,2025-01-15T02:45+00:00,type_43,-3.0
4,7,4,45.68532,9.72487,18.686605724746205,2025-01-15T02:54+00:00,type_43,-3.0
4,9,0,45.68532,9.72487,200.0,2025-01-15T04:25+00:00,type_43,-3.1
4,9,1,45.67368,9.61195,8.892137250827256,2025-01-15T04:30+00:00,type_43,-3.1
4,11,0,45.67368,9.61195,200.0,2025-01-15T06:02+00:00,type_43,-3.1
4,11,1,45.79339,9.82976,21.55081593500288,2025-01-15T09:47+00:00,type_43,-0.9
5,2,0,32.74596,-96.99778,200.0,2025-01-13T20:15+00:00,type_43,13.2
5,2,1,32.56319,-97.14168,24.353222557983706,2025-01-13T23:40+00:00,type_42,12.1
5,3,0,32.56319,-97.14168,200.0,2025-01-13T23:40+00:00,type_42,12.1
5,3,1,32.72541,-97.32085,24.621971211344505,2025-01-14T00:15+00:00,type_42,11.0
5,5,0,32.72541,-97.32085,563.6912223832471,2025-01-14T03:09+00:00,type_43,5.9
5,5,1,35.14396818816166,-91.95713411140198,563.6912223832471,2025-01-14T03:25+00:00,type_43,0.5
5,5,2,37.31036870754654,-86.28427473953255,563.6912223832471,2025-01-14T03:41+00:00,type_43,-5.0
5,5,3,39.18889542717168,-80.29957106992607,563.6912223832471,2025-01-14T03:57+00:00,type_43,-1.7
5,5,4,40.71427,-74.00597,563.6990201145356,2025-01-14T04:14+00:00,type_43,2.9
5,7,0,40.71427,-74.00597,1463.1842370643592,2025-01-14T09:47+00:00,type_43,-0.9
5,7,1,47.50865757526198,-58.29041951353586,1463.1842370643592,2025-01-14T11:49+00:00,type_42,-3.2
5,9,0,48.85341,2.3488,200.0,2025-01-15T03:17+00:00,type_41,2.1
5,9,1,47.81375432227919,4.550210466868824,200.0,2025-01-15T03:39+00:00,type_43,-4.8
5,9,2,46.733359491660764,6.663814302689353,200.0,2025-01-15T04:01+00:00,type_42,-2.7
5,9,3,45.61526159076224,8.693246001067342,200.0,2025-01-15T04:24+00:00,type_43,-3.1
5,9,4,45.59213,8.75194,5.2513554522059325,2025-01-15T04:25+00:00,type_43,-3.1
5,11,0,45.59213,8.75194,200.0,2025-01-15T05:06+00:00,type_43,-2.2
5,11,1,45.65688,9.72565,76.27515106391795,2025-01-15T08:04+00:00,type_42,-3.0
5,13,0,45.65688,9.72565,200.0,2025-01-15T08:17+00:00,type_42,-3.0
5,13,1,45.79339,9.82976,17.201432036857245,2025-01-15T11:49+00:00,type_43,1.4
6,2,0,53.79648,-1.54785,200.0,2025-01-13T19:45+00:00,type_42,4.7
6,2,1,52.84291,-1.34188,107.0087934889708,2025-01-13T21:21+00:00,type_42,4.4
6,4,0,52.84291,-1.34188,200.0,2025-01-13T22:25+00:00,type_42,4.4
6,4,1,52.27914917234236,1.458676272652575,200.0,2025-01-13T22:28+00:00,type_42,4.4
6,4,2,51.65063751000656,4.185098448745484,200.0,2025-01-13T22:32+00:00,type_43,-1.8
6,4,3,50.960538357518054,6.833572429458142,200.0,2025-01-13T22:36+00:00,type_43,-1.8
6,6,0,50.93333,6.95,200.0,2025-01-14T02:30+00:00,type_43,-2.9
6,6,1,49.24424173742777,7.908337993839992,200.0,2025-01-14T02:46+00:00,type_43,-3.1
6,6,2,47.54723054159313,8.803299016476835,200.0,2025-01-14T03:02+00:00,type_42,-4.4
6,6,3,45.84316683202015,9.642166306435328,200.0,2025-01-14T03:18+00:00,type_43,-2.1
6,6,4,45.68532,9.72487,18.686605724746205,2025-01-14T03:20+00:00,type_43,-2.1
6,8,0,45.68532,9.72487,200.0,2025-01-14T04:44+00:00,type_43,-3.1
6,8,1,45.67368,9.61195,8.892137250827256,2025-01-14T04:48+00:00,type_43,-3.1
6,10,0,45.67368,9.61195,200.0,2025-01-14T05:09+00:00,type_43,-2.2
6,10,1,45.79339,9.82976,21.55081593500288,2025-01-14T08:42+00:00,type_43,0.7
7,2,0,48.11914,-96.18115,200.0,2025-01-16T18:09+00:00,type_42,2.1
7,2,1,46.87719,-96.7898,145.49562648013878,2025-01-17T02:03+00:00,type_43,3.7
7,3,0,46.87719,-96.7898,328.9416973257451,2025-01-17T02:03+00:00,type_43,3.7
7,3,1,44.8230467368047,-93.74019830676302,328.9416973257451,2025-01-17T02:49+00:00,type_43,-1.6
7,3,2,42.69235420529611,-90.90351460604303,328.9416973257451,2025-01-17T03:36+00:00,type_42,-3.1
7,3,3,40.49528512453608,-88.25718715597552,328.9416973257451,2025-01-17T04:23+00:00,type_43,-2.1
7,3,4,38.25424,-85.75941,328.9480959556589,2025-01-17T05:10+00:00,type_42,1.7
7,5,0,38.25424,-85.75941,1749.8916974753722,2025-01-17T09:19+00:00,type_43,-2.1
7,5,1,48.28958911127663,-69.03856872365594,1749.8916974753722,2025-01-17T11:16+00:00,type_42,-0.2
7,7,0,50.93333,6.95,200.0,2025-01-20T00:00+00:00,type_41,-1.4
7,7,1,49.24424173742777,7.908337993839992,200.0,2025-01-20T00:21+00:00,type_43,-2.2
7,7,2,47.54723054159313,8.803299016476835,200.0,2025-01-20T00:42+00:00,type_43,-1.8
7,7,3,45.84316683202015,9.642166306435328,200.0,2025-01-20T01:03+00:00,"type_21, type_42",5.9
7,7,4,45.68532,9.72487,18.686605724746205,2025-01-20T01:05+00:00,"type_21, type_42",5.9
7,9,0,45.68532,9.72487,200.0,2025-01-20T02:43+00:00,type_42,5.9
7,9,1,45.67368,9.61195,8.892137250827256,2025-01-20T04:20+00:00,type_42,5.9
7,11,0,45.67368,9.61195,200.0,2025-01-20T04:44+00:00,type_42,5.9
7,11,1,45.79339,9.82976,21.55081593500288,2025-01-20T09:23+00:00,type_42,6.9
8,1,0,32.74596,-96.99778,200.0,2025-01-22T02:48+00:00,type_43,-3.1
8,1,1,32.56319,-97.14168,24.353222557983706,2025-01-22T03:00+00:00,type_43,-3.6
8,2,0,32.56319,-97.14168,562.3051570361548,2025-01-22T03:00+00:00,type_43,-3.6
8,2,1,35.01537220022391,-91.82609850090014,562.3051570361548,2025-01-22T04:07+00:00,type_43,-7.9
8,2,2,37.22011183085008,-86.20071416646839,562.3051570361548,2025-01-22T05:15+00:00,type_43,-18.3
8,2,3,39.14173243096033,-80.2607429212972,562.3051570361548,2025-01-22T06:22+00:00,type_42,-14.4
8,2,4,40.71427,-74.00597,562.3132630004995,2025-01-22T07:30+00:00,type_42,-9.9
8,4,0,40.71427,-74.00597,1463.1842370643592,2025-01-22T10:08+00:00,type_42,-10.8
8,4,1,47.50865757526198,-58.29041951353586,1463.1842370643592,2025-01-22T12:03+00:00,type_41,4.8
8,6,0,48.85341,2.3488,200.0,2025-01-23T03:20+00:00,type_41,6.0
8,6,1,47.81375432227919,4.550210466868824,200.0,2025-01-23T03:41+00:00,"type_21, type_41",8.4
8,6,2,46.733359491660764,6.663814302689353,200.0,2025-01-23T04:02+00:00,"type_21, type_41",6.9
8,6,3,45.61526159076224,8.693246001067342,200.0,2025-01-23T04:23+00:00,type_42,6.0
8,6,4,45.59213,8.75194,5.2513554522059325,2025-01-23T04:24+00:00,type_42,6.0
8,8,0,45.59213,8.75194,200.0,2025-01-23T06:24+00:00,"type_21, type_42",5.9
8,8,1,45.65688,9.72565,76.27515106391795,2025-01-23T07:51+00:00,type_42,6.0
8,10,0,45.65688,9.72565,200.0,2025-01-23T08:49+00:00,type_42,6.8
8,10,1,45.79339,9.82976,17.201432036857245,2025-01-23T13:30+00:00,type_42,9.0
9,2,0,48.11914,-96.18115,200.0,2025-01-21T18:10+00:00,type_43,-19.4
9,2,1,46.87719,-96.7898,145.49562648013878,2025-01-22T02:26+00:00,type_41,-3.9
9,3,0,46.87719,-96.7898,328.9416973257451,2025-01-22T02:26+00:00,type_41,-3.9
9,3,1,44.8230467368047,-93.74019830676302,328.9416973257451,2025-01-22T03:11+00:00,type_41,-12.8
9,3,2,42.69235420529611,-90.90351460604303,328.9416973257451,2025-01-22T03:57+00:00,type_42,-17.7
9,3,3,40.49528512453608,-88.25718715597552,328.9416973257451,2025-01-22T04:42+00:00,type_31,-17.2
9,3,4,38.25424,-85.75941,328.9480959556589,2025-01-22T05:28+00:00,type_43,-20.0
9,5,0,38.25424,-85.75941,1749.8916974753722,2025-01-22T10:34+00:00,type_43,-20.5
9,5,1,48.28958911127663,-69.03856872365594,1749.8916974753722,2025-01-22T12:20+00:00,type_41,2.8
9,7,0,50.93333,6.95,200.0,2025-01-23T01:40+00:00,"type_21, type_41",4.6
9,7,1,49.24424173742777,7.908337993839992,200.0,2025-01-23T02:04+00:00,"type_21, type_41",1.0
9,7,2,47.54723054159313,8.803299016476835,200.0,2025-01-23T02:28+00:00,type_42,0.9
9,7,3,45.84316683202015,9.642166306435328,200.0,2025-01-23T02:52+00:00,"type_21, type_42",5.9
9,7,4,45.68532,9.72487,18.686605724746205,2025-01-23T02:55+00:00,"type_21, type_42",5.9
9,9,0,45.68532,9.72487,200.0,2025-01-23T04:57+00:00,type_42,6.0
9,9,1,45.67368,9.61195,8.892137250827256,2025-01-23T04:59+00:00,type_42,6.0
9,11,0,45.67368,9.61195,200.0,2025-01-23T06:12+00:00,"type_21, type_42",5.9
9,11,1,45.79339,9.82976,21.55081593500288,2025-01-23T09:59+00:00,type_42,7.0
10,2,0,53.79648,-1.54785,200.0,2025-01-21T19:45+00:00,type_41,3.7
10,2,1,52.84291,-1.34188,107.0087934889708,2025-01-22T02:17+00:00,type_42,1.2
10,4,0,52.84291,-1.34188,200.0,2025-01-22T21:48+00:00,type_42,1.1
10,4,1,52.27914917234236,1.458676272652575,200.0,2025-01-22T21:55+00:00,type_42,1.1
10,4,2,51.65063751000656,4.185098448745484,200.0,2025-01-22T22:02+00:00,"type_21, type_41",5.1
10,4,3,50.960538357518054,6.833572429458142,200.0,2025-01-22T22:09+00:00,"type_21, type_41",5.1
10,6,0,50.93333,6.95,200.0,2025-01-23T00:40+00:00,"type_21, type_41",4.6
10,6,1,49.24424173742777,7.908337993839992,200.0,2025-01-23T01:04+00:00,"type_21, type_41",0.6
10,6,2,47.54723054159313,8.803299016476835,200.0,2025-01-23T01:28+00:00,type_42,1.0
10,6,3,45.84316683202015,9.642166306435328,200.0,2025-01-23T01:52+00:00,"type_21, type_42",6.0
10,6,4,45.68532,9.72487,18.686605724746205,2025-01-23T01:55+00:00,"type_21, type_42",6.0
10,8,0,45.68532,9.72487,200.0,2025-01-23T03:57+00:00,"type_21, type_42",5.9
10,8,1,45.67368,9.61195,8.892137250827256,2025-01-23T03:59+00:00,"type_21, type_42",5.9
10,10,0,45.67368,9.61195,200.0,2025-01-23T06:07+00:00,"type_21, type_42",5.9
10,10,1,45.79339,9.82976,21.55081593500288,2025-01-23T08:59+00:00,type_42,6.8
11,3,0,48.14816,17.10674,200.0,2025-01-31T21:58+00:00,type_42,-0.7
11,3,1,49.469964232825745,15.260074496006457,200.0,2025-01-31T22:33+00:00,type_42,-1.5
11,3,2,50.76037302816547,13.312535595599153,200.0,2025-01-31T23:09+00:00,type_42,1.3
11,3,3,51.33962,12.37129,92.24229093674721,2025-01-31T23:26+00:00,type_42,1.3
11,5,0,51.33962,12.37129,200.0,2025-02-03T00:28+00:00,type_42,-2.5
11,5,1,49.59807661452899,11.67107821996662,200.0,2025-02-03T01:00+00:00,type_43,-0.7
11,5,2,47.85206128605934,11.019095628165212,200.0,2025-02-03T01:32+00:00,type_43,-0.7
11,5,3,46.10204966533408,10.409520874571328,200.0,2025-02-03T02:04+00:00,type_43,2.9
11,5,4,45.53558,10.21472,64.75629863685276,2025-02-03T02:15+00:00,type_43,2.9
11,7,0,45.53558,10.21472,200.0,2025-02-03T03:44+00:00,type_43,2.9
11,7,1,45.69601,9.66721,46.27743840379541,2025-02-03T04:35+00:00,type_43,1.1
11,9,0,45.69601,9.66721,200.0,2025-02-03T08:05+00:00,type_43,3.0
11,9,1,45.79339,9.82976,16.64796869542368,2025-02-03T10:24+00:00,type_42,5.4
12,2,0,32.74596,-96.99778,200.0,2025-01-24T23:07+00:00,type_43,13.9
12,2,1,32.56319,-97.14168,24.353222557983706,2025-01-24T23:40+00:00,type_43,13.9
12,3,0,32.56319,-97.14168,562.3051570361548,2025-01-24T23:40+00:00,type_43,13.9
12,3,1,35.01537220022391,-91.82609850090014,562.3051570361548,2025-01-25T00:52+00:00,type_43,4.9
12,3,2,37.22011183085008,-86.20071416646839,562.3051570361548,2025-01-25T02:05+00:00,type_43,-6.6
12,3,3,39.14173243096033,-80.2607429212972,562.3051570361548,2025-01-25T03:17+00:00,type_43,-5.0
12,3,4,40.71427,-74.00597,562.3132630004995,2025-01-25T04:30+00:00,type_42,-2.8
12,5,0,40.71427,-74.00597,1463.1842370643592,2025-01-25T11:17+00:00,type_43,-5.0
12,5,1,47.50865757526198,-58.29041951353586,1463.1842370643592,2025-01-25T13:14+00:00,type_41,9.0
12,7,0,48.85341,2.3488,200.0,2025-01-26T01:45+00:00,"type_21, type_41",3.5
12,7,1,47.81375432227919,4.550210466868824,200.0,2025-01-26T06:02+00:00,type_42,3.9
12,7,2,46.733359491660764,6.663814302689353,200.0,2025-01-26T10:20+00:00,type_43,6.9
12,7,3,45.61526159076224,8.693246001067342,200.0,2025-01-26T14:38+00:00,type_41,8.1
12,7,4,45.59213,8.75194,5.2513554522059325,2025-01-26T14:45+00:00,type_41,8.1
12,9,0,45.59213,8.75194,200.0,2025-01-28T04:40+00:00,"type_21, type_41",7.0
12,9,1,45.65688,9.72565,76.27515106391795,2025-01-28T07:53+00:00,"type_21, type_41",8.0
12,11,0,45.65688,9.72565,200.0,2025-01-28T08:32+00:00,"type_21, type_41",8.0
12,11,1,45.79339,9.82976,17.201432036857245,2025-01-28T11:50+00:00,"type_21, type_41",8.0
13,3,0,54.35227,18.64912,200.0,2025-02-04T21:24+00:00,type_42,1.6
13,3,1,53.27278187238003,16.221433477256156,200.0,2025-02-04T22:07+00:00,type_43,-0.9
13,3,2,52.146128235708375,13.915573921315447,200.0,2025-02-04T22:50+00:00,type_43,-1.7
13,3,3,51.33962,12.37129,139.38468813112144,2025-02-04T23:20+00:00,type_43,-3.0
13,5,0,51.33962,12.37129,200.0,2025-02-05T03:53+00:00,type_43,-3.9
13,5,1,49.59807661452899,11.67107821996662,200.0,2025-02-05T04:21+00:00,type_43,-2.0
13,5,2,47.85206128605934,11.019095628165212,200.0,2025-02-05T04:50+00:00,type_43,-2.0
13,5,3,46.10204966533408,10.409520874571328,200.0,2025-02-05T05:18+00:00,type_43,-0.1
13,5,4,45.53558,10.21472,64.75629863685276,2025-02-05T05:28+00:00,type_43,-0.1
13,7,0,45.53558,10.21472,200.0,2025-02-05T06:13+00:00,type_43,-1.0
13,7,1,45.69601,9.66721,46.27743840379541,2025-02-05T07:12+00:00,type_43,-0.1
13,9,0,45.69601,9.66721,200.0,2025-02-05T08:05+00:00,type_42,0.1
13,9,1,45.79339,9.82976,16.64796869542368,2025-02-05T14:59+00:00,type_43,8.3
14,3,0,54.35227,18.64912,200.0,2025-02-05T21:24+00:00,type_41,3.6
14,3,1,53.27278187238003,16.221433477256156,200.0,2025-02-05T21:59+00:00,type_42,3.4
14,3,2,52.146128235708375,13.915573921315447,200.0,2025-02-05T22:35+00:00,type_41,2.9
14,3,3,51.33962,12.37129,139.38468813112144,2025-02-05T23:01+00:00,type_41,1.3
14,5,0,51.33962,12.37129,200.0,2025-02-06T03:31+00:00,type_41,1.2
14,5,1,49.59807661452899,11.67107821996662,200.0,2025-02-06T03:58+00:00,type_42,-0.6
14,5,2,47.85206128605934,11.019095628165212,200.0,2025-02-06T04:26+00:00,type_42,-0.8
14,5,3,46.10204966533408,10.409520874571328,200.0,2025-02-06T04:54+00:00,type_43,-0.9
14,5,4,45.53558,10.21472,64.75629863685276,2025-02-06T05:03+00:00,type_43,-0.9
14,7,0,45.53558,10.21472,200.0,2025-02-06T06:12+00:00,type_43,-0.9
14,7,1,45.69601,9.66721,46.27743840379541,2025-02-06T07:12+00:00,type_42,-1.0
14,9,0,45.69601,9.66721,200.0,2025-02-06T08:14+00:00,type_42,-0.9
14,9,1,45.79339,9.82976,16.64796869542368,2025-02-06T10:47+00:00,type_42,2.6
15,3,0,54.35227,18.64912,200.0,2025-02-03T21:11+00:00,"type_21, type_41",1.4
15,3,1,53.27278187238003,16.221433477256156,200.0,2025-02-03T21:56+00:00,type_41,-1.5
15,3,2,52.146128235708375,13.915573921315447,200.0,2025-02-03T22:42+00:00,type_43,-1.7
15,3,3,51.33962,12.37129,139.38468813112144,2025-02-03T23:15+00:00,type_43,-2.8
15,5,0,51.33962,12.37129,200.0,2025-02-04T03:51+00:00,type_43,-3.8
15,5,1,49.59807661452899,11.67107821996662,200.0,2025-02-04T04:26+00:00,type_42,-1.7
15,5,2,47.85206128605934,11.019095628165212,200.0,2025-02-04T05:01+00:00,type_42,-1.7
15,5,3,46.10204966533408,10.409520874571328,200.0,2025-02-04T05:36+00:00,type_43,2.9
15,5,4,45.53558,10.21472,64.75629863685276,2025-02-04T05:48+00:00,type_43,2.9
15,7,0,45.53558,10.21472,200.0,2025-02-04T06:48+00:00,type_42,3.0
15,7,1,45.69601,9.66721,46.27743840379541,2025-02-04T07:50+00:00,type_43,3.0
15,9,0,45.69601,9.66721,200.0,2025-02-04T08:09+00:00,type_43,3.1
15,9,1,45.79339,9.82976,16.64796869542368,2025-02-04T10:37+00:00,type_42,5.2
16,2,0,32.74596,-96.99778,200.0,2025-01-27T20:53+00:00,type_41,11.1
16,2,1,32.56319,-97.14168,24.353222557983706,2025-01-27T23:28+00:00,type_41,11.7
16,3,0,32.56319,-97.14168,200.0,2025-01-27T23:28+00:00,type_41,11.7
16,3,1,32.72541,-97.32085,24.621971211344505,2025-01-28T00:30+00:00,type_41,11.6
16,5,0,32.72541,-97.32085,563.6912223832471,2025-01-28T03:05+00:00,type_41,10.3
16,5,1,35.14396818816166,-91.95713411140198,563.6912223832471,2025-01-28T03:22+00:00,type_43,3.2
16,5,2,37.31036870754654,-86.28427473953255,563.6912223832471,2025-01-28T03:40+00:00,type_43,0.7
16,5,3,39.18889542717168,-80.29957106992607,563.6912223832471,2025-01-28T03:57+00:00,type_43,1.1
16,5,4,40.71427,-74.00597,563.6990201145356,2025-01-28T04:15+00:00,type_42,2.9
16,7,0,40.71427,-74.00597,1463.1842370643592,2025-01-28T09:43+00:00,type_42,3.4
16,7,1,47.50865757526198,-58.29041951353586,1463.1842370643592,2025-01-28T11:41+00:00,type_41,7.6
16,9,0,48.85341,2.3488,200.0,2025-01-29T03:15+00:00,type_41,8.6
16,9,1,47.81375432227919,4.550210466868824,200.0,2025-01-29T03:36+00:00,type_41,7.6
16,9,2,46.733359491660764,6.663814302689353,200.0,2025-01-29T03:58+00:00,"type_21, type_42",7.0
16,9,3,45.61526159076224,8.693246001067342,200.0,2025-01-29T04:20+00:00,type_43,1.9
16,9,4,45.59213,8.75194,5.2513554522059325,2025-01-29T04:21+00:00,type_43,1.9
16,11,0,45.59213,8.75194,200.0,2025-01-29T05:08+00:00,type_43,1.9
16,11,1,45.65688,9.72565,76.27515106391795,2025-01-29T07:53+00:00,type_43,1.1
16,13,0,45.65688,9.72565,200.0,2025-01-29T08:30+00:00,type_43,2.9
16,13,1,45.79339,9.82976,17.201432036857245,2025-01-29T11:03+00:00,type_42,9.1
17,2,0,22.27694,113.56778,200.0,2025-02-05T11:14+00:00,type_43,-2.0
17,2,1,23.11667,113.25,98.55731721883247,2025-02-06T14:09+00:00,type_43,-10.0
17,4,0,23.11667,113.25,912.2458501023186,2025-02-06T22:18+00:00,type_43,-12.0
17,4,1,25.339742834653542,104.59978413183153,912.2458501023186,2025-02-06T23:54+00:00,type_43,20.5
17,4,2,27.03768176015743,95.66724167890686,912.2458501023186,2025-02-07T01:31+00:00,type_41,17.0
17,4,3,28.15392413016864,86.51008208772686,912.2458501023186,2025-02-07T03:08+00:00,"type_21, type_41",4.4
17,4,4,28.62137,77.2148,912.2496435720398,2025-02-07T04:45+00:00,type_42,17.0
17,6,0,28.62137,77.2148,552.2387747445623,2025-02-07T04:53+00:00,type_42,17.0
17,6,1,28.058038578085693,71.61824306593121,552.2387747445623,2025-02-07T06:09+00:00,type_42,16.4
17,6,2,27.269312083951437,66.0911691480695,552.2387747445623,2025-02-07T07:26+00:00,type_42,10.0
17,6,3,26.265603906138676,60.65191726964107,552.2387747445623,2025-02-07T08:42+00:00,type_42,12.0
17,6,4,25.07725,55.30927,552.2416099480349,2025-02-07T09:59+00:00,type_42,26.9
17,8,0,25.07725,55.30927,1316.5279194063023,2025-02-07T10:00+00:00,type_43,28.0
17,8,1,33.03775513597079,45.257095910379725,1316.5279194063023,2025-02-07T12:04+00:00,type_42,17.1
17,8,2,40.0278984291537,33.35154893796495,1316.5279194063023,2025-02-07T14:09+00:00,type_42,3.5
17,8,3,45.53426493034215,19.068180221112904,1316.5279194063023,2025-02-07T16:14+00:00,type_42,4.3
17,8,4,48.85341,2.3488,1316.5463320721803,2025-02-07T18:19+00:00,type_41,5.4
17,10,0,48.85341,2.3488,200.0,2025-02-08T00:45+00:00,"type_21, type_41",6.6
17,10,1,47.81375432227919,4.550210466868824,200.0,2025-02-08T11:24+00:00,"type_21, type_42",6.6
17,10,2,46.733359491660764,6.663814302689353,200.0,2025-02-08T22:03+00:00,type_42,2.8
17,10,3,45.61526159076224,8.693246001067342,200.0,2025-02-09T08:43+00:00,"type_21, type_41",5.0
17,10,4,45.59213,8.75194,5.2513554522059325,2025-02-09T09:00+00:00,"type_21, type_42",5.9
17,12,0,45.59213,8.75194,200.0,2025-02-09T19:30+00:00,"type_21, type_41",6.9
17,12,1,45.65688,9.72565,76.27515106391795,2025-02-10T07:15+00:00,type_41,6.0
17,14,0,45.65688,9.72565,200.0,2025-02-10T08:27+00:00,"type_21, type_41",7.0
17,14,1,45.79339,9.82976,17.201432036857245,2025-02-10T09:19+00:00,type_41,7.0
18,3,0,52.22977,21.01178,200.0,2025-01-30T21:08+00:00,type_43,-16.7
18,3,1,52.00493780900563,18.114727309671046,200.0,2025-01-30T21:39+00:00,type_41,5.3
18,3,2,51.70962935464759,15.25104971288726,200.0,2025-01-30T22:10+00:00,"type_21, type_41",6.3
18,3,3,51.345480693403566,12.428696243358026,200.0,2025-01-30T22:41+00:00,type_41,5.9
18,3,4,51.33962,12.37129,4.052833682343359,2025-01-30T22:42+00:00,type_41,5.9
18,5,0,51.33962,12.37129,200.0,2025-01-31T03:22+00:00,"type_21, type_41",3.0
18,5,1,49.59807661452899,11.67107821996662,200.0,2025-01-31T03:49+00:00,type_41,5.2
18,5,2,47.85206128605934,11.019095628165212,200.0,2025-01-31T04:16+00:00,type_41,5.0
18,5,3,46.10204966533408,10.409520874571328,200.0,2025-01-31T04:43+00:00,type_42,3.9
18,5,4,45.53558,10.21472,64.75629863685276,2025-01-31T04:52+00:00,type_42,3.9
18,7,0,45.53558,10.21472,200.0,2025-01-31T06:06+00:00,type_42,3.9
18,7,1,45.69601,9.66721,46.27743840379541,2025-01-31T07:03+00:00,type_42,4.9
18,9,0,45.69601,9.66721,200.0,2025-01-31T08:19+00:00,type_42,5.8
18,9,1,45.79339,9.82976,16.64796869542368,2025-01-31T10:32+00:00,type_42,7.0
19,3,0,10.82302,106.62965,375.24088920059484,2025-02-10T14:55+00:00,type_41,27.0
19,3,1,13.716761156986486,108.4294253507603,375.24088920059484,2025-02-10T16:08+00:00,type_41,17.8
19,3,2,16.596400313363457,110.2737608547618,375.24088920059484,2025-02-10T17:21+00:00,type_42,16.7
19,5,0,22.27832,114.17469,2311.599049847787,2025-02-10T23:41+00:00,type_41,15.3
19,5,1,38.041345461433366,98.35202283198782,2311.599049847787,2025-02-11T04:16+00:00,type_41,17.9
19,5,2,50.58314228981576,74.97463402226657,2311.599049847787,2025-02-11T08:52+00:00,type_43,-4.0
19,5,3,55.93013708807334,41.10694190171006,2311.599049847787,2025-02-11T13:28+00:00,type_41,-7.1
19,5,4,50.93333,6.95,2311.601859334368,2025-02-11T18:04+00:00,type_42,5.0
19,7,0,50.93333,6.95,200.0,2025-02-12T23:49+00:00,type_42,3.5
19,7,1,51.177942016321005,9.776166768284888,200.0,2025-02-13T00:41+00:00,type_43,0.8
19,7,2,51.33962,12.37129,182.037471011571,2025-02-13T01:30+00:00,"type_21, type_41",1.1
19,9,0,51.33962,12.37129,200.0,2025-02-13T04:48+00:00,"type_21, type_41",0.7
19,9,1,50.77515560806981,9.662718020281305,200.0,2025-02-13T05:19+00:00,type_41,1.3
19,9,2,50.14928249621787,7.022011390350237,200.0,2025-02-13T05:51+00:00,type_41,1.7
19,9,3,49.46488813440003,4.452461913566437,200.0,2025-02-13T06:22+00:00,"type_21, type_41",2.7
19,9,4,48.85341,2.3488,167.8244871508429,2025-02-13T06:49+00:00,type_42,3.6
19,11,0,48.85341,2.3488,200.0,2025-02-13T22:58+00:00,type_41,3.2
19,11,1,49.584721593245966,4.857099556109534,200.0,2025-02-13T23:46+00:00,"type_21, type_41",1.0
19,11,2,50.259983148868336,7.438539131618612,200.0,2025-02-14T00:35+00:00,type_41,-0.7
19,11,3,50.87624249827845,10.090710115027587,200.0,2025-02-14T01:24+00:00,type_41,-2.5
19,11,4,51.33962,12.37129,167.82448601417502,2025-02-14T02:05+00:00,"type_31, type_41",-2.2
19,13,0,51.33962,12.37129,200.0,2025-02-17T01:11+00:00,type_43,-7.8
19,13,1,49.59807661452899,11.67107821996662,200.0,2025-02-17T01:54+00:00,type_42,-3.1
19,13,2,47.85206128605934,11.019095628165212,200.0,2025-02-17T02:38+00:00,type_42,-3.3
19,13,3,46.10204966533408,10.409520874571328,200.0,2025-02-17T03:22+00:00,type_42,4.9
19,13,4,45.53558,10.21472,64.75629863685276,2025-02-17T03:37+00:00,type_42,4.9
19,15,0,45.53558,10.21472,200.0,2025-02-17T05:11+00:00,type_42,3.9
19,15,1,45.69601,9.66721,46.27743840379541,2025-02-17T06:14+00:00,type_42,3.9
19,16,0,45.69601,9.66721,200.0,2025-02-17T06:14+00:00,type_42,3.9
19,16,1,45.79339,9.82976,16.64796869542368,2025-02-17T11:36+00:00,type_41,4.0
20,2,0,53.79648,-1.54785,200.0,2025-01-31T19:45+00:00,type_41,5.3
20,2,1,52.84291,-1.34188,107.0087934889708,2025-01-31T21:01+00:00,type_41,4.7
20,4,0,52.84291,-1.34188,200.0,2025-01-31T21:48+00:00,type_41,4.7
20,4,1,52.27914917234236,1.458676272652575,200.0,2025-01-31T21:54+00:00,type_41,4.7
20,4,2,51.65063751000656,4.185098448745484,200.0,2025-01-31T22:00+00:00,type_43,0.7
20,4,3,50.960538357518054,6.833572429458142,200.0,2025-01-31T22:06+00:00,type_43,0.7
20,6,0,50.93333,6.95,200.0,2025-02-02T22:45+00:00,type_43,-2.0
20,6,1,49.24424173742777,7.908337993839992,200.0,2025-02-02T23:08+00:00,type_43,-0.6
20,6,2,47.54723054159313,8.803299016476835,200.0,2025-02-02T23:31+00:00,type_41,0.8
20,6,3,45.84316683202015,9.642166306435328,200.0,2025-02-02T23:54+00:00,type_43,3.9
20,6,4,45.68532,9.72487,18.686605724746205,2025-02-02T23:57+00:00,type_43,3.9
20,8,0,45.68532,9.72487,200.0,2025-02-03T01:56+00:00,type_43,3.0
20,8,1,45.67368,9.61195,8.892137250827256,2025-02-03T04:00+00:00,type_43,1.1
20,10,0,45.67368,9.61195,200.0,2025-02-03T05:02+00:00,type_43,1.0
20,10,1,45.79339,9.82976,21.55081593500288,2025-02-03T09:50+00:00,type_43,4.3
21,3,0,22.27832,114.17469,2410.896182605987,2025-02-05T21:44+00:00,type_42,15.3
21,3,1,39.36635273698026,98.45689704944172,2410.896182605987,2025-02-06T03:20+00:00,type_43,26.3
21,3,2,53.04016148334906,73.85773647279157,2410.896182605987,2025-02-06T08:56+00:00,type_43,-12.0
21,3,3,58.31301118130028,36.120929999755475,2410.896182605987,2025-02-06T14:32+00:00,type_41,0.0
21,3,4,51.50853,-0.12574,2410.8977872717533,2025-02-06T20:09+00:00,type_43,2.8
21,5,0,51.50853,-0.12574,217.09706694528168,2025-02-06T20:10+00:00,type_43,2.8
21,5,1,51.591324322940324,3.0014765240488415,217.09706694528168,2025-02-06T20:44+00:00,type_42,4.4
21,5,2,51.590602857277034,6.134330655445994,217.09706694528168,2025-02-06T21:19+00:00,type_41,4.0
21,5,3,51.50637036425053,9.261349611164157,217.09706694528168,2025-02-06T21:53+00:00,type_41,2.0
21,7,0,51.33962,12.37129,200.0,2025-02-07T03:20+00:00,type_41,1.9
21,7,1,49.59807661452899,11.67107821996662,200.0,2025-02-07T03:58+00:00,type_41,0.4
21,7,2,47.85206128605934,11.019095628165212,200.0,2025-02-07T04:37+00:00,type_41,0.2
21,7,3,46.10204966533408,10.409520874571328,200.0,2025-02-07T05:15+00:00,type_42,0.9
21,7,4,45.53558,10.21472,64.75629863685276,2025-02-07T05:28+00:00,type_42,0.9
21,9,0,45.53558,10.21472,200.0,2025-02-07T06:13+00:00,type_42,1.0
21,9,1,45.69601,9.66721,46.27743840379541,2025-02-07T07:10+00:00,type_42,0.2
21,11,0,45.69601,9.66721,200.0,2025-02-07T09:18+00:00,type_42,4.0
21,11,1,45.79339,9.82976,16.64796869542368,2025-02-07T13:36+00:00,type_42,6.1
22,1,0,32.74596,-96.99778,200.0,2025-02-08T16:58+00:00,type_42,22.9
22,1,1,32.56319,-97.14168,24.353222557983706,2025-02-08T19:35+00:00,type_43,27.5
22,2,0,32.56319,-97.14168,562.3051570361548,2025-02-08T19:35+00:00,type_43,27.5
22,2,1,35.01537220022391,-91.82609850090014,562.3051570361548,2025-02-08T23:12+00:00,type_42,24.3
22,2,2,37.22011183085008,-86.20071416646839,562.3051570361548,2025-02-09T02:49+00:00,"type_21, type_41",12.2
22,2,3,39.14173243096033,-80.2607429212972,562.3051570361548,2025-02-09T06:26+00:00,"type_21, type_41",8.4
22,2,4,40.71427,-74.00597,562.3132630004995,2025-02-09T10:04+00:00,"type_31, type_41",0.2
22,4,0,40.71427,-74.00597,1463.1842370643592,2025-02-10T00:29+00:00,type_41,1.4
22,4,1,47.50865757526198,-58.29041951353586,1463.1842370643592,2025-02-10T02:34+00:00,type_41,5.6
22,6,0,48.85341,2.3488,200.0,2025-02-10T19:47+00:00,"type_21, type_41",3.8
22,6,1,47.81375432227919,4.550210466868824,200.0,2025-02-10T20:12+00:00,"type_21, type_41",8.1
22,6,2,46.733359491660764,6.663814302689353,200.0,2025-02-10T20:37+00:00,"type_21, type_41",5.8
22,6,3,45.61526159076224,8.693246001067342,200.0,2025-02-10T21:02+00:00,type_42,7.9
22,6,4,45.59213,8.75194,5.2513554522059325,2025-02-10T21:03+00:00,type_42,7.9
22,8,0,45.59213,8.75194,200.0,2025-02-12T01:47+00:00,"type_21, type_42",7.9
22,8,1,45.65688,9.72565,76.27515106391795,2025-02-12T06:51+00:00,"type_21, type_41",7.9
22,10,0,45.65688,9.72565,200.0,2025-02-12T08:01+00:00,type_41,7.9
22,10,1,45.79339,9.82976,17.201432036857245,2025-02-12T13:23+00:00,type_41,9.0
23,3,0,22.54554,114.0683,200.0,2025-02-14T15:29+00:00,type_41,-0.6
23,3,1,22.27832,114.17469,31.553267528345533,2025-02-14T17:15+00:00,type_42,16.9
23,5,0,22.27832,114.17469,2294.269217856025,2025-02-14T22:37+00:00,type_42,15.5
23,5,1,37.61837939640999,98.11134403292215,2294.269217856025,2025-02-15T03:27+00:00,type_43,19.2
23,5,2,49.71568346595507,74.81770792580292,2294.269217856025,2025-02-15T08:17+00:00,type_41,-6.0
23,5,3,54.835386751049434,41.90556307010411,2294.269217856025,2025-02-15T13:07+00:00,type_41,-5.6
23,5,4,50.11552,8.68417,2294.2721945653375,2025-02-15T17:58+00:00,type_41,-1.0
23,7,0,50.11552,8.68417,200.0,2025-02-15T21:33+00:00,type_41,-1.1
23,7,1,50.96347664515813,11.172187659364013,200.0,2025-02-16T09:06+00:00,type_41,-4.4
23,7,2,51.33962,12.37129,93.75489775539255,2025-02-16T14:32+00:00,type_41,-1.6
23,9,0,51.33962,12.37129,200.0,2025-02-17T00:11+00:00,type_43,-7.5
23,9,1,49.59807661452899,11.67107821996662,200.0,2025-02-17T00:49+00:00,type_42,-3.0
23,9,2,47.85206128605934,11.019095628165212,200.0,2025-02-17T01:28+00:00,type_42,-3.1
23,9,3,46.10204966533408,10.409520874571328,200.0,2025-02-17T02:06+00:00,type_42,4.9
23,9,4,45.53558,10.21472,64.75629863685276,2025-02-17T02:19+00:00,type_42,4.9
23,11,0,45.53558,10.21472,200.0,2025-02-17T03:11+00:00,type_42,4.9
23,11,1,45.69601,9.66721,46.27743840379541,2025-02-17T04:19+00:00,type_42,4.0
23,13,0,45.69601,9.66721,200.0,2025-02-17T08:11+00:00,type_41,3.0
23,13,1,45.79339,9.82976,16.64796869542368,2025-02-17T10:36+00:00,type_41,3.1
24,1,0,53.79648,-1.54785,200.0,2025-02-12T18:35+00:00,type_41,3.7
24,1,1,52.84291,-1.34188,107.0087934889708,2025-02-12T20:47+00:00,type_41,3.3
24,3,0,52.84291,-1.34188,200.0,2025-02-12T22:03+00:00,type_41,3.1
24,3,1,52.27914917234236,1.458676272652575,200.0,2025-02-12T22:11+00:00,type_41,3.1
24,3,2,51.65063751000656,4.185098448745484,200.0,2025-02-12T22:20+00:00,type_42,3.9
24,3,3,50.960538357518054,6.833572429458142,200.0,2025-02-12T22:29+00:00,type_42,3.9
24,5,0,50.93333,6.95,200.0,2025-02-13T02:30+00:00,type_42,3.4
24,5,1,49.24424173742777,7.908337993839992,200.0,2025-02-13T02:43+00:00,type_42,1.4
24,5,2,47.54723054159313,8.803299016476835,200.0,2025-02-13T02:56+00:00,type_42,7.6
24,5,3,45.84316683202015,9.642166306435328,200.0,2025-02-13T03:09+00:00,type_42,7.8
24,5,4,45.68532,9.72487,18.686605724746205,2025-02-13T03:11+00:00,type_42,7.8
24,7,0,45.68532,9.72487,200.0,2025-02-13T04:17+00:00,type_42,7.8
24,7,1,45.67368,9.61195,8.892137250827256,2025-02-13T04:21+00:00,type_42,7.8
24,9,0,45.67368,9.61195,200.0,2025-02-13T04:40+00:00,type_42,7.8
24,9,1,45.79339,9.82976,21.55081593500288,2025-02-13T08:58+00:00,type_41,7.9
25,2,0,23.01797,113.74866,200.0,2025-02-21T12:43+00:00,type_43,-2.9
25,2,1,23.11667,113.25,52.25446940289623,2025-02-21T15:42+00:00,type_43,-1.2
25,4,0,23.11667,113.25,1975.4503170799585,2025-02-21T22:27+00:00,type_43,-8.0
25,4,1,33.0141612658834,96.48460273431472,1975.4503170799585,2025-02-22T01:44+00:00,type_41,14.9
25,4,2,40.15579170921406,76.19202515904706,1975.4503170799585,2025-02-22T05:01+00:00,type_41,2.7
25,4,3,43.10662564263809,52.73175473804105,1975.4503170799585,2025-02-22T08:18+00:00,type_41,-3.0
25,4,4,41.01384,28.94966,1975.454918476088,2025-02-22T11:36+00:00,type_42,1.6
25,6,0,41.01384,28.94966,564.6343845041857,2025-02-22T12:09+00:00,"type_31, type_42",1.3
25,6,1,43.536570725337654,23.004543154715076,564.6343845041857,2025-02-22T12:47+00:00,type_42,1.1
25,6,2,45.723601139830315,16.578691391829192,564.6343845041857,2025-02-22T13:26+00:00,type_42,6.8
25,6,3,47.52102843772894,9.680134015780052,564.6343845041857,2025-02-22T14:04+00:00,type_41,13.0
25,8,0,48.85341,2.3488,200.0,2025-02-22T23:17+00:00,type_42,6.6
25,8,1,47.81375432227919,4.550210466868824,200.0,2025-02-23T03:47+00:00,"type_21, type_41",9.0
25,8,2,46.733359491660764,6.663814302689353,200.0,2025-02-23T08:17+00:00,"type_21, type_41",7.9
25,8,3,45.61526159076224,8.693246001067342,200.0,2025-02-23T12:48+00:00,type_42,10.2
25,8,4,45.59213,8.75194,5.2513554522059325,2025-02-23T12:55+00:00,type_42,10.2
25,10,0,45.59213,8.75194,200.0,2025-02-23T20:29+00:00,type_42,7.9
25,10,1,45.65688,9.72565,76.27515106391795,2025-02-24T07:44+00:00,type_42,6.7
25,12,0,45.65688,9.72565,200.0,2025-02-24T08:50+00:00,type_42,7.8
25,12,1,45.79339,9.82976,17.201432036857245,2025-02-24T11:34+00:00,type_42,11.1
26,2,0,42.52787,-70.92866,200.0,2025-02-21T01:41+00:00,type_41,-1.7
26,2,1,41.441648373119186,-72.85361551055912,200.0,2025-02-21T02:51+00:00,type_42,-3.3
26,2,2,40.32407327290813,-74.71453367724186,200.0,2025-02-21T04:02+00:00,type_41,-5.6
26,2,3,39.68372,-75.74966,113.43537133067825,2025-02-21T04:43+00:00,type_43,-3.5
26,4,0,39.68372,-75.74966,1510.0402961062882,2025-02-21T10:16+00:00,type_43,-3.7
26,4,1,46.94040457117426,-59.94869092751643,1510.0402961062882,2025-02-21T11:54+00:00,type_42,10.3
26,6,0,48.85341,2.3488,200.0,2025-02-21T23:08+00:00,type_42,12.9
26,6,1,47.81375432227919,4.550210466868824,200.0,2025-02-22T10:19+00:00,type_41,12.6
26,6,2,46.733359491660764,6.663814302689353,200.0,2025-02-22T21:31+00:00,"type_21, type_41",9.8
26,6,3,45.61526159076224,8.693246001067342,200.0,2025-02-23T08:42+00:00,type_42,7.7
26,6,4,45.59213,8.75194,5.2513554522059325,2025-02-23T09:00+00:00,type_42,8.9
26,8,0,45.59213,8.75194,200.0,2025-02-23T20:29+00:00,type_42,7.9
26,8,1,45.65688,9.72565,76.27515106391795,2025-02-24T07:51+00:00,type_42,6.7
26,10,0,45.65688,9.72565,200.0,2025-02-25T08:21+00:00,type_41,10.0
26,10,1,45.79339,9.82976,17.201432036857245,2025-02-25T13:12+00:00,"type_21, type_41",10.9
27,3,0,22.54554,114.0683,200.0,2025-02-26T10:14+00:00,type_43,8.0
27,3,1,22.27832,114.17469,31.553267528345533,2025-02-26T12:31+00:00,type_42,16.6
27,5,0,22.27832,114.17469,1603.3385369061978,2025-02-26T22:13+00:00,type_42,16.6
27,5,1,25.936013527877346,98.90425117646079,1603.3385369061978,2025-02-27T00:38+00:00,type_42,16.4
27,5,2,27.90435169177853,82.89979578267734,1603.3385369061978,2025-02-27T03:03+00:00,type_43,18.4
27,5,3,27.975360450758124,66.59646982831154,1603.3385369061978,2025-02-27T05:28+00:00,type_41,12.1
27,7,0,26.13,50.555,970.655244763715,2025-02-27T13:56+00:00,type_43,14.3
27,7,1,31.12380234656183,42.394017207099694,970.655244763715,2025-02-27T15:42+00:00,type_42,12.9
27,9,0,41.89193,12.51133,200.0,2025-02-28T01:28+00:00,type_42,7.9
27,9,1,43.536163824052664,11.516641327606138,200.0,2025-02-28T02:35+00:00,type_42,8.0
27,9,2,45.17078990760635,10.466544223000495,200.0,2025-02-28T03:43+00:00,type_43,4.0
27,9,3,45.53558,10.21472,45.08957692800424,2025-02-28T03:59+00:00,type_43,4.0
27,11,0,45.53558,10.21472,200.0,2025-02-28T06:15+00:00,type_21,3.8
27,11,1,45.69601,9.66721,46.27743840379541,2025-02-28T07:13+00:00,type_43,2.9
27,13,0,45.69601,9.66721,200.0,2025-02-28T08:55+00:00,type_42,5.0
27,13,1,45.79339,9.82976,16.64796869542368,2025-02-28T13:04+00:00,type_42,12.9
28,2,0,48.11914,-96.18115,200.0,2025-02-28T18:18+00:00,type_41,3.9
28,2,1,46.87719,-96.7898,145.49562648013878,2025-03-01T01:57+00:00,type_41,-1.7
28,3,0,46.87719,-96.7898,328.9416973257451,2025-03-01T01:57+00:00,type_41,-1.7
28,3,1,44.8230467368047,-93.74019830676302,328.9416973257451,2025-03-01T02:39+00:00,type_42,-1.7
28,3,2,42.69235420529611,-90.90351460604303,328.9416973257451,2025-03-01T03:22+00:00,type_41,0.2
28,3,3,40.49528512453608,-88.25718715597552,328.9416973257451,2025-03-01T04:04+00:00,type_43,8.3
28,3,4,38.25424,-85.75941,328.9480959556589,2025-03-01T04:47+00:00,type_43,14.3
28,5,0,38.25424,-85.75941,1749.8916974753722,2025-03-01T18:02+00:00,type_42,6.2
28,5,1,48.28958911127663,-69.03856872365594,1749.8916974753722,2025-03-01T19:54+00:00,type_41,5.3
28,7,0,50.93333,6.95,200.0,2025-03-02T23:45+00:00,type_43,-0.3
28,7,1,49.24424173742777,7.908337993839992,200.0,2025-03-03T00:08+00:00,type_43,1.2
28,7,2,47.54723054159313,8.803299016476835,200.0,2025-03-03T00:32+00:00,type_43,-0.1
28,7,3,45.84316683202015,9.642166306435328,200.0,2025-03-03T00:55+00:00,type_43,3.9
28,7,4,45.68532,9.72487,18.686605724746205,2025-03-03T00:58+00:00,type_43,3.9
28,9,0,45.68532,9.72487,200.0,2025-03-03T02:40+00:00,type_43,2.9
28,9,1,45.67368,9.61195,8.892137250827256,2025-03-03T04:45+00:00,type_43,1.9
28,11,0,45.67368,9.61195,200.0,2025-03-03T05:35+00:00,type_43,2.8
28,11,1,45.79339,9.82976,21.55081593500288,2025-03-03T10:03+00:00,type_43,12.0
29,2,0,48.11914,-96.18115,200.0,2025-03-03T18:18+00:00,type_41,6.3
29,2,1,46.87719,-96.7898,145.49562648013878,2025-03-04T01:57+00:00,type_43,6.6
29,3,0,46.87719,-96.7898,328.9416973257451,2025-03-04T01:57+00:00,type_43,6.6
29,3,1,44.8230467368047,-93.74019830676302,328.9416973257451,2025-03-04T02:42+00:00,type_43,6.7
29,3,2,42.69235420529611,-90.90351460604303,328.9416973257451,2025-03-04T03:28+00:00,type_42,4.8
29,3,3,40.49528512453608,-88.25718715597552,328.9416973257451,2025-03-04T04:14+00:00,type_42,11.1
29,3,4,38.25424,-85.75941,328.9480959556589,2025-03-04T05:00+00:00,type_43,2.9
29,5,0,38.25424,-85.75941,1749.8916974753722,2025-03-04T10:23+00:00,type_43,5.0
29,5,1,48.28958911127663,-69.03856872365594,1749.8916974753722,2025-03-04T12:15+00:00,type_43,-2.3
29,7,0,50.93333,6.95,200.0,2025-03-06T01:40+00:00,type_43,6.3
29,7,1,49.24424173742777,7.908337993839992,200.0,2025-03-06T02:03+00:00,type_43,2.3
29,7,2,47.54723054159313,8.803299016476835,200.0,2025-03-06T02:27+00:00,type_43,3.1
29,7,3,45.84316683202015,9.642166306435328,200.0,2025-03-06T02:51+00:00,type_43,4.9
29,7,4,45.68532,9.72487,18.686605724746205,2025-03-06T02:54+00:00,type_43,4.9
29,9,0,45.68532,9.72487,200.0,2025-03-06T04:32+00:00,type_43,4.0
29,9,1,45.67368,9.61195,8.892137250827256,2025-03-06T04:36+00:00,type_43,4.0
29,11,0,45.67368,9.61195,200.0,2025-03-06T05:20+00:00,type_43,4.0
29,11,1,45.79339,9.82976,21.55081593500288,2025-03-06T09:29+00:00,type_43,12.0
30,2,0,48.11914,-96.18115,345.64210123961465,2025-02-28T03:18+00:00,type_42,3.1
30,2,1,45.744811565574416,-93.24970107730945,345.64210123961465,2025-02-28T04:19+00:00,type_43,2.1
30,2,2,43.30042720453799,-90.5601002874802,345.64210123961465,2025-02-28T05:21+00:00,type_43,-1.0
30,2,3,40.7966392906047,-88.08016861270539,345.64210123961465,2025-02-28T06:23+00:00,type_21,2.2
30,2,4,38.25424,-85.75941,345.64812994681307,2025-02-28T07:25+00:00,type_43,2.2
30,4,0,38.25424,-85.75941,1749.8916974753722,2025-02-28T10:21+00:00,type_43,0.0
30,4,1,48.28958911127663,-69.03856872365594,1749.8916974753722,2025-02-28T12:13+00:00,type_42,4.5
30,6,0,50.93333,6.95,200.0,2025-03-02T23:45+00:00,type_43,-0.3
30,6,1,49.24424173742777,7.908337993839992,200.0,2025-03-03T00:08+00:00,type_43,1.2
30,6,2,47.54723054159313,8.803299016476835,200.0,2025-03-03T00:32+00:00,type_43,-0.1
30,6,3,45.84316683202015,9.642166306435328,200.0,2025-03-03T00:55+00:00,type_43,3.9
30,6,4,45.68532,9.72487,18.686605724746205,2025-03-03T00:58+00:00,type_43,3.9
30,8,0,45.68532,9.72487,200.0,2025-03-03T02:40+00:00,type_43,2.9
30,8,1,45.67368,9.61195,8.892137250827256,2025-03-03T04:45+00:00,type_43,1.9
30,10,0,45.67368,9.61195,200.0,2025-03-03T05:37+00:00,type_43,2.8
30,10,1,45.79339,9.82976,21.55081593500288,2025-03-03T10:03+00:00,type_43,12.0
31,3,0,26.35869,-80.0831,422.0462984187269,2025-03-13T01:06+00:00,type_43,18.3
31,3,1,29.978271179073353,-78.7465955503321,422.0462984187269,2025-03-13T01:20+00:00,type_43,7.3
31,5,0,40.71427,-74.00597,228.72889918004975,2025-03-13T03:43+00:00,type_42,6.6
31,5,1,40.40616108129475,-76.6764137558397,228.72889918004975,2025-03-13T04:24+00:00,type_43,8.1
31,5,2,40.03695665489942,-79.32023242159684,228.72889918004975,2025-03-13T05:06+00:00,type_43,6.6
31,5,3,39.60808629240018,-81.93342076471401,228.72889918004975,2025-03-13T05:48+00:00,type_42,6.2
31,5,4,39.12711,-84.51439,228.72966336164345,2025-03-13T06:30+00:00,type_42,5.4
31,7,0,39.12711,-84.51439,1790.4268148254373,2025-03-13T12:09+00:00,type_42,2.3
31,7,1,49.676797402865276,-67.40097363525489,1790.4268148254373,2025-03-13T14:27+00:00,type_42,-6.0
31,7,2,56.50464921967254,-42.99259562985796,1790.4268148254373,2025-03-13T16:46+00:00,type_41,4.0
31,9,0,51.33962,12.37129,200.0,2025-03-14T03:26+00:00,type_41,0.0
31,9,1,49.59807661452899,11.67107821996662,200.0,2025-03-14T04:02+00:00,"type_21, type_41",1.9
31,9,2,47.85206128605934,11.019095628165212,200.0,2025-03-14T04:38+00:00,"type_21, type_41",1.9
31,9,3,46.10204966533408,10.409520874571328,200.0,2025-03-14T05:14+00:00,"type_21, type_42",9.8
31,9,4,45.53558,10.21472,64.75629863685276,2025-03-14T05:26+00:00,"type_21, type_42",9.8
31,11,0,45.53558,10.21472,200.0,2025-03-14T06:20+00:00,"type_21, type_42",9.8
31,11,1,45.69601,9.66721,46.27743840379541,2025-03-14T07:05+00:00,"type_21, type_41",9.8
31,13,0,45.69601,9.66721,200.0,2025-03-14T10:57+00:00,"type_21, type_41",9.9
31,13,1,45.79339,9.82976,16.64796869542368,2025-03-14T13:01+00:00,type_42,11.9
32,3,0,9.93388,-84.08489,888.0290333311368,2025-03-31T23:25+00:00,type_42,24.0
32,3,1,17.69745519462585,-81.99855504788293,888.0290333311368,2025-04-01T00:26+00:00,"type_21, type_41",17.6
32,5,0,40.71427,-74.00597,1463.1842370643592,2025-04-01T08:22+00:00,"type_21, type_41",10.2
32,5,1,47.50865757526198,-58.29041951353586,1463.1842370643592,2025-04-01T10:41+00:00,type_43,6.3
32,7,0,48.85341,2.3488,200.0,2025-04-03T02:24+00:00,type_43,9.9
32,7,1,47.81375432227919,4.550210466868824,200.0,2025-04-03T02:44+00:00,type_43,4.5
32,7,2,46.733359491660764,6.663814302689353,200.0,2025-04-03T03:04+00:00,type_42,7.4
32,7,3,45.61526159076224,8.693246001067342,200.0,2025-04-03T03:25+00:00,type_42,8.1
32,7,4,45.59213,8.75194,5.2513554522059325,2025-04-03T03:26+00:00,type_42,8.1
32,9,0,45.59213,8.75194,200.0,2025-04-03T05:36+00:00,type_42,7.1
32,9,1,45.65688,9.72565,76.27515106391795,2025-04-03T07:11+00:00,type_42,11.0
32,11,0,45.65688,9.72565,200.0,2025-04-03T07:18+00:00,type_42,11.0
32,11,1,45.79339,9.82976,17.201432036857245,2025-04-03T08:16+00:00,type_43,13.1
33,3,0,44.97997,-93.26384,243.05347775690544,2025-03-15T01:17+00:00,type_43,18.6
33,3,1,43.578786224292,-90.92556309111522,243.05347775690544,2025-03-15T02:12+00:00,type_42,21.4
33,3,2,42.13161430644636,-88.69496623490613,243.05347775690544,2025-03-15T03:07+00:00,type_41,21.2
33,3,3,40.64265175837341,-86.56505891324969,243.05347775690544,2025-03-15T04:02+00:00,type_42,22.3
33,3,4,39.12711,-84.51439,243.05837971859987,2025-03-15T04:58+00:00,type_42,19.6
33,5,0,39.12711,-84.51439,1790.4268148254373,2025-03-15T15:56+00:00,"type_21, type_41",15.2
33,5,1,49.676797402865276,-67.40097363525489,1790.4268148254373,2025-03-15T21:05+00:00,type_41,0.9
33,5,2,56.50464921967254,-42.99259562985796,1790.4268148254373,2025-03-16T02:15+00:00,type_42,1.6
33,7,0,51.33962,12.37129,200.0,2025-03-16T23:19+00:00,type_42,0.9
33,7,1,49.59807661452899,11.67107821996662,200.0,2025-03-16T23:45+00:00,type_42,3.2
33,7,2,47.85206128605934,11.019095628165212,200.0,2025-03-17T00:11+00:00,type_42,3.4
33,7,3,46.10204966533408,10.409520874571328,200.0,2025-03-17T00:37+00:00,type_42,8.6
33,7,4,45.53558,10.21472,64.75629863685276,2025-03-17T00:46+00:00,type_42,8.6
33,9,0,45.53558,10.21472,200.0,2025-03-17T03:56+00:00,type_43,6.7
33,9,1,45.69601,9.66721,46.27743840379541,2025-03-17T05:08+00:00,type_43,4.8
33,11,0,45.69601,9.66721,200.0,2025-03-17T08:17+00:00,type_43,9.0
33,11,1,45.79339,9.82976,16.64796869542368,2025-03-17T10:46+00:00,type_43,13.0
34,3,0,22.54554,114.0683,200.0,2025-03-20T10:22+00:00,type_43,22.0
34,3,1,22.27832,114.17469,31.553267528345533,2025-03-20T13:45+00:00,type_43,17.6
34,5,0,22.27832,114.17469,1603.3385369061978,2025-03-21T01:08+00:00,type_43,19.9
34,5,1,25.936013527877346,98.90425117646079,1603.3385369061978,2025-03-21T03:27+00:00,type_43,20.9
34,5,2,27.90435169177853,82.89979578267734,1603.3385369061978,2025-03-21T05:46+00:00,type_43,28.0
34,5,3,27.975360450758124,66.59646982831154,1603.3385369061978,2025-03-21T08:05+00:00,type_43,11.3
34,7,0,26.13,50.555,1065.4602759700067,2025-03-22T01:54+00:00,type_43,11.0
34,7,1,33.469464583002534,43.4282413617253,1065.4602759700067,2025-03-22T04:50+00:00,type_42,1.2
34,7,2,40.3176837902353,35.03444981562981,1065.4602759700067,2025-03-22T07:47+00:00,type_42,6.9
34,7,3,46.41856818416342,24.868118182796668,1065.4602759700067,2025-03-22T10:43+00:00,type_43,15.4
34,9,0,51.33962,12.37129,200.0,2025-03-23T22:55+00:00,type_41,8.7
34,9,1,49.59807661452899,11.67107821996662,200.0,2025-03-23T23:36+00:00,type_42,7.5
34,9,2,47.85206128605934,11.019095628165212,200.0,2025-03-24T00:17+00:00,type_42,6.8
34,9,3,46.10204966533408,10.409520874571328,200.0,2025-03-24T00:58+00:00,"type_21, type_42",9.0
34,9,4,45.53558,10.21472,64.75629863685276,2025-03-24T01:12+00:00,type_42,9.0
34,11,0,45.53558,10.21472,200.0,2025-03-24T03:23+00:00,type_42,8.8
34,11,1,45.69601,9.66721,46.27743840379541,2025-03-24T04:15+00:00,type_42,8.9
34,13,0,45.69601,9.66721,200.0,2025-03-24T08:24+00:00,type_42,10.0
34,13,1,45.79339,9.82976,16.64796869542368,2025-03-24T10:41+00:00,type_42,13.8
35,2,0,48.11914,-96.18115,345.64210123961465,2025-03-14T20:27+00:00,type_43,23.3
35,2,1,45.744811565574416,-93.24970107730945,345.64210123961465,2025-03-14T22:33+00:00,type_43,23.8
35,2,2,43.30042720453799,-90.5601002874802,345.64210123961465,2025-03-15T00:40+00:00,type_42,22.2
35,2,3,40.7966392906047,-88.08016861270539,345.64210123961465,2025-03-15T02:46+00:00,type_42,23.3
35,2,4,38.25424,-85.75941,345.64812994681307,2025-03-15T04:53+00:00,type_43,21.1
35,4,0,38.25424,-85.75941,1749.8916974753722,2025-03-15T20:57+00:00,"type_21, type_41",15.6
35,4,1,48.28958911127663,-69.03856872365594,1749.8916974753722,2025-03-15T22:57+00:00,type_43,6.4
35,6,0,50.93333,6.95,200.0,2025-03-17T00:00+00:00,type_42,3.9
35,6,1,49.24424173742777,7.908337993839992,200.0,2025-03-17T00:22+00:00,type_43,3.0
35,6,2,47.54723054159313,8.803299016476835,200.0,2025-03-17T00:44+00:00,"type_21, type_42",2.3
35,6,3,45.84316683202015,9.642166306435328,200.0,2025-03-17T01:06+00:00,type_42,7.6
35,6,4,45.68532,9.72487,18.686605724746205,2025-03-17T01:09+00:00,type_42,7.6
35,8,0,45.68532,9.72487,200.0,2025-03-17T02:57+00:00,type_43,6.7
35,8,1,45.67368,9.61195,8.892137250827256,2025-03-17T05:00+00:00,type_43,4.8
35,10,0,45.67368,9.61195,200.0,2025-03-17T06:01+00:00,type_43,4.8
35,10,1,45.79339,9.82976,21.55081593500288,2025-03-17T09:15+00:00,type_43,11.0
36,2,0,48.11914,-96.18115,200.0,2025-03-17T17:18+00:00,type_43,9.9
36,2,1,46.87719,-96.7898,145.49562648013878,2025-03-18T01:23+00:00,type_43,2.0
36,3,0,46.87719,-96.7898,328.9416973257451,2025-03-18T01:23+00:00,type_43,2.0
36,3,1,44.8230467368047,-93.74019830676302,328.9416973257451,2025-03-18T02:06+00:00,type_43,12.2
36,3,2,42.69235420529611,-90.90351460604303,328.9416973257451,2025-03-18T02:50+00:00,type_43,10.7
36,3,3,40.49528512453608,-88.25718715597552,328.9416973257451,2025-03-18T03:34+00:00,type_43,12.2
36,3,4,38.25424,-85.75941,328.9480959556589,2025-03-18T04:18+00:00,type_43,5.0
36,5,0,38.25424,-85.75941,1749.8916974753722,2025-03-18T10:09+00:00,type_43,3.4
36,5,1,48.28958911127663,-69.03856872365594,1749.8916974753722,2025-03-18T12:04+00:00,type_43,0.4
36,7,0,50.93333,6.95,200.0,2025-03-19T01:42+00:00,type_43,1.6
36,7,1,49.24424173742777,7.908337993839992,200.0,2025-03-19T02:08+00:00,type_43,1.4
36,7,2,47.54723054159313,8.803299016476835,200.0,2025-03-19T02:35+00:00,type_43,0.3
36,7,3,45.84316683202015,9.642166306435328,200.0,2025-03-19T03:02+00:00,type_43,1.0
36,7,4,45.68532,9.72487,18.686605724746205,2025-03-19T03:05+00:00,type_43,1.0
36,9,0,45.68532,9.72487,200.0,2025-03-19T04:49+00:00,type_43,0.0
36,9,1,45.67368,9.61195,8.892137250827256,2025-03-19T04:50+00:00,type_43,0.0
36,11,0,45.67368,9.61195,200.0,2025-03-19T05:36+00:00,type_43,0.0
36,11,1,45.79339,9.82976,21.55081593500288,2025-03-19T09:11+00:00,type_43,8.9
37,3,0,22.54554,114.0683,200.0,2025-03-20T14:30+00:00,type_43,19.0
37,3,1,22.27832,114.17469,31.553267528345533,2025-03-20T17:30+00:00,type_42,15.6
37,5,0,22.27832,114.17469,1603.3385369061978,2025-03-21T01:08+00:00,type_43,19.9
37,5,1,25.936013527877346,98.90425117646079,1603.3385369061978,2025-03-21T08:00+00:00,type_43,28.7
37,5,2,27.90435169177853,82.89979578267734,1603.3385369061978,2025-03-21T14:52+00:00,type_43,25.1
37,5,3,27.975360450758124,66.59646982831154,1603.3385369061978,2025-03-21T21:44+00:00,type_42,9.4
37,7,0,26.13,50.555,1065.4602759700067,2025-03-22T11:43+00:00,type_43,18.3
37,7,1,33.469464583002534,43.4282413617253,1065.4602759700067,2025-03-22T18:04+00:00,type_42,4.1
37,7,2,40.3176837902353,35.03444981562981,1065.4602759700067,2025-03-23T00:26+00:00,type_41,7.4
37,7,3,46.41856818416342,24.868118182796668,1065.4602759700067,2025-03-23T06:47+00:00,type_42,9.7
37,9,0,51.33962,12.37129,200.0,2025-03-23T22:55+00:00,type_41,8.7
37,9,1,49.59807661452899,11.67107821996662,200.0,2025-03-23T23:36+00:00,type_42,7.5
37,9,2,47.85206128605934,11.019095628165212,200.0,2025-03-24T00:17+00:00,type_42,6.8
37,9,3,46.10204966533408,10.409520874571328,200.0,2025-03-24T00:58+00:00,"type_21, type_42",9.0
37,9,4,45.53558,10.21472,64.75629863685276,2025-03-24T01:12+00:00,type_42,9.0
37,11,0,45.53558,10.21472,200.0,2025-03-24T03:23+00:00,type_42,8.8
37,11,1,45.69601,9.66721,46.27743840379541,2025-03-24T04:15+00:00,type_42,8.9
37,13,0,45.69601,9.66721,200.0,2025-03-24T08:24+00:00,type_42,10.0
37,13,1,45.79339,9.82976,16.64796869542368,2025-03-24T10:41+00:00,type_42,13.8
38,3,0,22.54554,114.0683,200.0,2025-04-02T14:49+00:00,type_43,13.0
38,3,1,22.27832,114.17469,31.553267528345533,2025-04-02T16:48+00:00,type_43,15.7
38,5,0,22.27832,114.17469,1603.3385369061978,2025-04-02T23:56+00:00,type_43,14.9
38,5,1,25.936013527877346,98.90425117646079,1603.3385369061978,2025-04-03T01:52+00:00,type_43,12.7
38,5,2,27.90435169177853,82.89979578267734,1603.3385369061978,2025-04-03T03:48+00:00,type_42,23.1
38,5,3,27.975360450758124,66.59646982831154,1603.3385369061978,2025-04-03T05:44+00:00,type_41,15.8
38,7,0,26.13,50.555,1065.4602759700067,2025-04-03T09:13+00:00,type_43,25.7
38,7,1,33.469464583002534,43.4282413617253,1065.4602759700067,2025-04-03T10:55+00:00,type_42,12.2
38,7,2,40.3176837902353,35.03444981562981,1065.4602759700067,2025-04-03T12:38+00:00,"type_21, type_42",11.6
38,7,3,46.41856818416342,24.868118182796668,1065.4602759700067,2025-04-03T14:20+00:00,type_43,17.3
38,9,0,51.33962,12.37129,200.0,2025-04-04T02:57+00:00,type_43,4.4
38,9,1,49.59807661452899,11.67107821996662,200.0,2025-04-04T03:20+00:00,type_43,4.2
38,9,2,47.85206128605934,11.019095628165212,200.0,2025-04-04T03:43+00:00,type_43,4.2
38,9,3,46.10204966533408,10.409520874571328,200.0,2025-04-04T04:06+00:00,type_43,7.9
38,9,4,45.53558,10.21472,64.75629863685276,2025-04-04T04:14+00:00,type_43,7.9
38,11,0,45.53558,10.21472,200.0,2025-04-04T05:14+00:00,type_43,7.0
38,11,1,45.69601,9.66721,46.27743840379541,2025-04-04T06:08+00:00,type_43,8.9
38,13,0,45.69601,9.66721,200.0,2025-04-04T07:24+00:00,type_43,12.0
38,13,1,45.79339,9.82976,16.64796869542368,2025-04-04T09:18+00:00,type_43,16.1
39,2,0,48.11914,-96.18115,200.0,2025-04-10T20:27+00:00,type_41,8.8
39,2,1,46.87719,-96.7898,145.49562648013878,2025-04-11T01:11+00:00,type_43,16.5
39,3,0,46.87719,-96.7898,328.9416973257451,2025-04-11T01:11+00:00,type_43,16.5
39,3,1,44.8230467368047,-93.74019830676302,328.9416973257451,2025-04-11T01:58+00:00,"type_21, type_41",7.2
39,3,2,42.69235420529611,-90.90351460604303,328.9416973257451,2025-04-11T02:45+00:00,type_41,4.2
39,3,3,40.49528512453608,-88.25718715597552,328.9416973257451,2025-04-11T03:32+00:00,"type_21, type_42",10.0
39,3,4,38.25424,-85.75941,328.9480959556589,2025-04-11T04:20+00:00,type_41,11.1
39,5,0,38.25424,-85.75941,1749.8916974753722,2025-04-11T07:40+00:00,"type_21, type_41",10.0
39,5,1,48.28958911127663,-69.03856872365594,1749.8916974753722,2025-04-11T09:34+00:00,type_42,2.6
39,7,0,50.93333,6.95,200.0,2025-04-13T23:00+00:00,type_42,11.4
39,7,1,49.24424173742777,7.908337993839992,200.0,2025-04-13T23:21+00:00,type_43,10.0
39,7,2,47.54723054159313,8.803299016476835,200.0,2025-04-13T23:42+00:00,type_42,13.5
39,7,3,45.84316683202015,9.642166306435328,200.0,2025-04-14T00:04+00:00,"type_21, type_42",12.9
39,7,4,45.68532,9.72487,18.686605724746205,2025-04-14T00:06+00:00,"type_21, type_42",12.9
39,9,0,45.68532,9.72487,200.0,2025-04-14T02:09+00:00,"type_21, type_42",12.0
39,9,1,45.67368,9.61195,8.892137250827256,2025-04-14T04:00+00:00,"type_21, type_42",12.0
39,11,0,45.67368,9.61195,200.0,2025-04-14T04:35+00:00,"type_21, type_42",12.0
39,11,1,45.79339,9.82976,21.55081593500288,2025-04-14T12:44+00:00,"type_21, type_42",13.9
40,2,0,48.11914,-96.18115,345.64210123961465,2025-04-15T17:18+00:00,type_42,9.9
40,2,1,45.744811565574416,-93.24970107730945,345.64210123961465,2025-04-15T20:03+00:00,type_43,11.7
40,2,2,43.30042720453799,-90.5601002874802,345.64210123961465,2025-04-15T22:48+00:00,type_42,12.4
40,2,3,40.7966392906047,-88.08016861270539,345.64210123961465,2025-04-16T01:33+00:00,type_43,12.8
40,2,4,38.25424,-85.75941,345.64812994681307,2025-04-16T04:19+00:00,type_41,8.8
40,4,0,38.25424,-85.75941,1749.8916974753722,2025-04-16T09:09+00:00,type_43,6.7
40,4,1,48.28958911127663,-69.03856872365594,1749.8916974753722,2025-04-16T11:02+00:00,type_41,11.9
40,6,0,50.93333,6.95,200.0,2025-04-17T01:00+00:00,"type_21, type_41",8.7
40,6,1,49.24424173742777,7.908337993839992,200.0,2025-04-17T01:25+00:00,type_41,10.0
40,6,2,47.54723054159313,8.803299016476835,200.0,2025-04-17T01:51+00:00,"type_21, type_42",7.5
40,6,3,45.84316683202015,9.642166306435328,200.0,2025-04-17T02:17+00:00,"type_21, type_41",14.9
40,6,4,45.68532,9.72487,18.686605724746205,2025-04-17T02:20+00:00,"type_21, type_41",14.9
40,7,0,45.68532,9.72487,200.0,2025-04-17T02:20+00:00,"type_21, type_41",14.9
40,7,1,45.67368,9.61195,8.892137250827256,2025-04-17T03:32+00:00,"type_21, type_41",14.9
40,9,0,45.67368,9.61195,200.0,2025-04-17T04:15+00:00,"type_21, type_41",15.7
40,9,1,45.79339,9.82976,21.55081593500288,2025-04-17T08:31+00:00,"type_21, type_42",13.0
41,3,0,22.54554,114.0683,200.0,2025-04-17T03:13+00:00,type_43,25.5
41,3,1,22.27832,114.17469,31.553267528345533,2025-04-17T04:48+00:00,type_42,26.6
41,5,0,22.27832,114.17469,2220.9359790700587,2025-04-17T09:34+00:00,type_42,24.9
41,5,1,37.200722531029186,98.75651948897621,2220.9359790700587,2025-04-17T12:58+00:00,type_42,21.8
41,5,2,49.187377040526734,76.67715338674256,2220.9359790700587,2025-04-17T16:22+00:00,type_42,3.8
41,5,3,54.89289042109431,45.33819924118609,2220.9359790700587,2025-04-17T19:46+00:00,type_41,17.0
41,5,4,51.33962,12.37129,2220.9402361197444,2025-04-17T23:10+00:00,type_41,12.0
41,7,0,51.33962,12.37129,200.0,2025-04-18T02:34+00:00,type_41,11.2
41,7,1,49.59807661452899,11.67107821996662,200.0,2025-04-18T03:11+00:00,type_42,8.5
41,7,2,47.85206128605934,11.019095628165212,200.0,2025-04-18T03:49+00:00,type_42,8.5
41,7,3,46.10204966533408,10.409520874571328,200.0,2025-04-18T04:27+00:00,type_42,11.8
41,7,4,45.53558,10.21472,64.75629863685276,2025-04-18T04:40+00:00,type_42,11.8
41,9,0,45.53558,10.21472,200.0,2025-04-18T06:11+00:00,type_42,12.0
41,9,1,45.69601,9.66721,46.27743840379541,2025-04-18T07:04+00:00,type_42,13.0
41,11,0,45.69601,9.66721,200.0,2025-04-18T07:36+00:00,type_42,13.0
41,11,1,45.79339,9.82976,16.64796869542368,2025-04-18T09:39+00:00,type_42,15.9
42,2,0,48.11914,-96.18115,345.64210123961465,2025-05-08T20:27+00:00,type_43,20.0
42,2,1,45.744811565574416,-93.24970107730945,345.64210123961465,2025-05-08T22:53+00:00,type_43,22.1
42,2,2,43.30042720453799,-90.5601002874802,345.64210123961465,2025-05-09T01:20+00:00,type_43,13.0
42,2,3,40.7966392906047,-88.08016861270539,345.64210123961465,2025-05-09T03:46+00:00,type_42,15.0
42,2,4,38.25424,-85.75941,345.64812994681307,2025-05-09T06:13+00:00,type_42,15.0
42,4,0,38.25424,-85.75941,1749.8916974753722,2025-05-09T09:22+00:00,type_41,11.1
42,4,1,48.28958911127663,-69.03856872365594,1749.8916974753722,2025-05-09T11:21+00:00,type_43,6.7
42,6,0,50.93333,6.95,200.0,2025-05-11T22:45+00:00,type_43,14.3
42,6,1,49.24424173742777,7.908337993839992,200.0,2025-05-11T23:12+00:00,type_43,14.9
42,6,2,47.54723054159313,8.803299016476835,200.0,2025-05-11T23:39+00:00,type_42,13.7
42,6,3,45.84316683202015,9.642166306435328,200.0,2025-05-12T00:06+00:00,type_42,14.3
42,6,4,45.68532,9.72487,18.686605724746205,2025-05-12T00:09+00:00,type_42,14.3
42,8,0,45.68532,9.72487,200.0,2025-05-12T01:42+00:00,type_42,13.8
42,8,1,45.67368,9.61195,8.892137250827256,2025-05-12T03:30+00:00,type_42,11.9
42,10,0,45.67368,9.61195,200.0,2025-05-12T04:34+00:00,type_42,12.8
42,10,1,45.79339,9.82976,21.55081593500288,2025-05-12T08:51+00:00,type_43,18.9
43,2,0,48.11914,-96.18115,200.0,2025-04-28T17:10+00:00,type_41,17.2
43,2,1,46.87719,-96.7898,145.49562648013878,2025-04-29T01:07+00:00,type_43,9.9
43,3,0,46.87719,-96.7898,328.9416973257451,2025-04-29T01:07+00:00,type_43,9.9
43,3,1,44.8230467368047,-93.74019830676302,328.9416973257451,2025-04-29T01:52+00:00,type_43,18.3
43,3,2,42.69235420529611,-90.90351460604303,328.9416973257451,2025-04-29T02:37+00:00,type_41,26.3
43,3,3,40.49528512453608,-88.25718715597552,328.9416973257451,2025-04-29T03:22+00:00,type_43,24.4
43,3,4,38.25424,-85.75941,328.9480959556589,2025-04-29T04:08+00:00,type_43,22.2
43,5,0,38.25424,-85.75941,1749.8916974753722,2025-04-29T07:40+00:00,type_43,21.7
43,5,1,48.28958911127663,-69.03856872365594,1749.8916974753722,2025-04-29T09:39+00:00,type_43,6.8
43,7,0,50.93333,6.95,200.0,2025-04-30T01:00+00:00,type_43,10.8
43,7,1,49.24424173742777,7.908337993839992,200.0,2025-04-30T01:21+00:00,type_43,15.0
43,7,2,47.54723054159313,8.803299016476835,200.0,2025-04-30T01:43+00:00,type_43,11.8
43,7,3,45.84316683202015,9.642166306435328,200.0,2025-04-30T02:04+00:00,type_43,14.8
43,7,4,45.68532,9.72487,18.686605724746205,2025-04-30T02:07+00:00,type_43,14.8
43,9,0,45.68532,9.72487,200.0,2025-04-30T03:44+00:00,type_43,13.9
43,9,1,45.67368,9.61195,8.892137250827256,2025-04-30T03:48+00:00,type_43,13.9
43,11,0,45.67368,9.61195,200.0,2025-04-30T03:57+00:00,type_43,13.9
43,11,1,45.79339,9.82976,21.55081593500288,2025-04-30T12:08+00:00,type_42,25.0
44,2,0,48.11914,-96.18115,200.0,2025-05-02T17:10+00:00,type_41,7.8
44,2,1,46.87719,-96.7898,145.49562648013878,2025-05-03T01:06+00:00,type_43,15.0
44,3,0,46.87719,-96.7898,328.9416973257451,2025-05-03T01:06+00:00,type_43,15.0
44,3,1,44.8230467368047,-93.74019830676302,328.9416973257451,2025-05-03T01:52+00:00,type_41,9.9
44,3,2,42.69235420529611,-90.90351460604303,328.9416973257451,2025-05-03T02:38+00:00,"type_21, type_41",10.2
44,3,3,40.49528512453608,-88.25718715597552,328.9416973257451,2025-05-03T03:24+00:00,type_41,12.2
44,3,4,38.25424,-85.75941,328.9480959556589,2025-05-03T04:10+00:00,type_42,17.2
44,5,0,38.25424,-85.75941,1749.8916974753722,2025-05-03T15:51+00:00,"type_21, type_41",16.7
44,5,1,48.28958911127663,-69.03856872365594,1749.8916974753722,2025-05-03T17:44+00:00,type_21,17.6
44,7,0,50.93333,6.95,200.0,2025-05-04T23:00+00:00,type_43,6.7
44,7,1,49.24424173742777,7.908337993839992,200.0,2025-05-04T23:21+00:00,type_41,8.2
44,7,2,47.54723054159313,8.803299016476835,200.0,2025-05-04T23:43+00:00,"type_21, type_42",8.5
44,7,3,45.84316683202015,9.642166306435328,200.0,2025-05-05T00:05+00:00,"type_21, type_42",16.8
44,7,4,45.68532,9.72487,18.686605724746205,2025-05-05T00:08+00:00,"type_21, type_42",16.8
44,9,0,45.68532,9.72487,200.0,2025-05-05T02:41+00:00,"type_21, type_42",16.8
44,9,1,45.67368,9.61195,8.892137250827256,2025-05-05T03:40+00:00,"type_21, type_42",16.7
44,11,0,45.67368,9.61195,200.0,2025-05-05T05:11+00:00,"type_21, type_42",15.8
44,11,1,45.79339,9.82976,21.55081593500288,2025-05-05T13:53+00:00,"type_21, type_42",20.5
45,2,0,48.11914,-96.18115,200.0,2025-05-08T17:18+00:00,type_43,16.7
45,2,1,46.87719,-96.7898,145.49562648013878,2025-05-09T01:21+00:00,type_43,26.5
45,3,0,46.87719,-96.7898,328.9416973257451,2025-05-09T01:21+00:00,type_43,26.5
45,3,1,44.8230467368047,-93.74019830676302,328.9416973257451,2025-05-09T02:12+00:00,type_43,16.2
45,3,2,42.69235420529611,-90.90351460604303,328.9416973257451,2025-05-09T03:04+00:00,type_43,8.6
45,3,3,40.49528512453608,-88.25718715597552,328.9416973257451,2025-05-09T03:56+00:00,type_42,15.0
45,3,4,38.25424,-85.75941,328.9480959556589,2025-05-09T04:48+00:00,type_41,16.1
45,5,0,38.25424,-85.75941,1749.8916974753722,2025-05-09T07:43+00:00,type_41,13.3
45,5,1,48.28958911127663,-69.03856872365594,1749.8916974753722,2025-05-09T09:42+00:00,type_43,5.2
45,7,0,50.93333,6.95,200.0,2025-05-11T22:45+00:00,type_43,14.3
45,7,1,49.24424173742777,7.908337993839992,200.0,2025-05-11T23:12+00:00,type_43,14.9
45,7,2,47.54723054159313,8.803299016476835,200.0,2025-05-11T23:39+00:00,type_42,13.7
45,7,3,45.84316683202015,9.642166306435328,200.0,2025-05-12T00:06+00:00,type_42,14.3
45,7,4,45.68532,9.72487,18.686605724746205,2025-05-12T00:09+00:00,type_42,14.3
45,9,0,45.68532,9.72487,200.0,2025-05-12T01:42+00:00,type_42,13.8
45,9,1,45.67368,9.61195,8.892137250827256,2025-05-12T03:30+00:00,type_42,11.9
45,11,0,45.67368,9.61195,200.0,2025-05-12T04:37+00:00,type_42,12.8
45,11,1,45.79339,9.82976,21.55081593500288,2025-05-12T13:21+00:00,type_42,23.2
46,1,0,48.11914,-96.18115,200.0,2025-05-07T14:22+00:00,type_42,14.4
46,1,1,46.87719,-96.7898,145.49562648013878,2025-05-07T17:18+00:00,type_43,15.0
46,2,0,46.87719,-96.7898,328.9416973257451,2025-05-07T17:18+00:00,type_43,15.0
46,2,1,44.8230467368047,-93.74019830676302,328.9416973257451,2025-05-07T19:13+00:00,type_43,20.6
46,2,2,42.69235420529611,-90.90351460604303,328.9416973257451,2025-05-07T21:09+00:00,type_42,20.9
46,2,3,40.49528512453608,-88.25718715597552,328.9416973257451,2025-05-07T23:04+00:00,type_43,24.4
46,2,4,38.25424,-85.75941,328.9480959556589,2025-05-08T01:00+00:00,type_41,18.4
46,4,0,38.25424,-85.75941,1749.8916974753722,2025-05-08T09:31+00:00,type_42,13.4
46,4,1,48.28958911127663,-69.03856872365594,1749.8916974753722,2025-05-08T11:27+00:00,type_42,6.9
46,6,0,50.93333,6.95,200.0,2025-05-09T01:00+00:00,type_43,7.3
46,6,1,49.24424173742777,7.908337993839992,200.0,2025-05-09T01:17+00:00,type_43,9.0
46,6,2,47.54723054159313,8.803299016476835,200.0,2025-05-09T01:34+00:00,type_42,6.3
46,6,3,45.84316683202015,9.642166306435328,200.0,2025-05-09T01:52+00:00,"type_21, type_42",13.2
46,6,4,45.68532,9.72487,18.686605724746205,2025-05-09T01:54+00:00,"type_21, type_42",13.2
46,7,0,45.68532,9.72487,200.0,2025-05-09T01:54+00:00,"type_21, type_42",13.2
46,7,1,45.67368,9.61195,8.892137250827256,2025-05-09T03:30+00:00,"type_21, type_42",12.8
46,9,0,45.67368,9.61195,200.0,2025-05-09T03:49+00:00,"type_21, type_42",12.8
46,9,1,45.79339,9.82976,21.55081593500288,2025-05-09T09:04+00:00,"type_21, type_42",16.2
47,2,0,48.11914,-96.18115,200.0,2025-05-08T20:27+00:00,type_43,20.0
47,2,1,46.87719,-96.7898,145.49562648013878,2025-05-09T01:21+00:00,type_43,26.5
47,3,0,46.87719,-96.7898,328.9416973257451,2025-05-09T01:21+00:00,type_43,26.5
47,3,1,44.8230467368047,-93.74019830676302,328.9416973257451,2025-05-09T02:12+00:00,type_43,16.2
47,3,2,42.69235420529611,-90.90351460604303,328.9416973257451,2025-05-09T03:04+00:00,type_43,8.6
47,3,3,40.49528512453608,-88.25718715597552,328.9416973257451,2025-05-09T03:56+00:00,type_42,15.0
47,3,4,38.25424,-85.75941,328.9480959556589,2025-05-09T04:48+00:00,type_41,16.1
47,5,0,38.25424,-85.75941,1749.8916974753722,2025-05-09T07:43+00:00,type_41,13.3
47,5,1,48.28958911127663,-69.03856872365594,1749.8916974753722,2025-05-09T09:42+00:00,type_43,5.2
47,7,0,50.93333,6.95,200.0,2025-05-11T22:45+00:00,type_43,14.3
47,7,1,49.24424173742777,7.908337993839992,200.0,2025-05-11T23:12+00:00,type_43,14.9
47,7,2,47.54723054159313,8.803299016476835,200.0,2025-05-11T23:39+00:00,type_42,13.7
47,7,3,45.84316683202015,9.642166306435328,200.0,2025-05-12T00:06+00:00,type_42,14.3
47,7,4,45.68532,9.72487,18.686605724746205,2025-05-12T00:09+00:00,type_42,14.3
47,9,0,45.68532,9.72487,200.0,2025-05-12T01:42+00:00,type_42,13.8
47,9,1,45.67368,9.61195,8.892137250827256,2025-05-12T03:30+00:00,type_42,11.9
47,11,0,45.67368,9.61195,200.0,2025-05-12T04:23+00:00,type_42,12.8
47,11,1,45.79339,9.82976,21.55081593500288,2025-05-12T13:21+00:00,type_42,23.2
48,3,0,48.11914,-96.18115,345.64210123961465,2025-05-08T06:20+00:00,type_43,11.2
48,3,1,45.744811565574416,-93.24970107730945,345.64210123961465,2025-05-08T07:07+00:00,type_43,11.1
48,3,2,43.30042720453799,-90.5601002874802,345.64210123961465,2025-05-08T07:55+00:00,type_41,8.4
48,3,3,40.7966392906047,-88.08016861270539,345.64210123961465,2025-05-08T08:43+00:00,type_41,13.3
48,3,4,38.25424,-85.75941,345.64812994681307,2025-05-08T09:31+00:00,type_42,13.4
48,4,0,38.25424,-85.75941,1749.8916974753722,2025-05-08T09:31+00:00,type_42,13.4
48,4,1,48.28958911127663,-69.03856872365594,1749.8916974753722,2025-05-08T11:27+00:00,type_42,6.9
48,6,0,50.93333,6.95,200.0,2025-05-09T01:00+00:00,type_43,7.3
48,6,1,49.24424173742777,7.908337993839992,200.0,2025-05-09T01:17+00:00,type_43,9.0
48,6,2,47.54723054159313,8.803299016476835,200.0,2025-05-09T01:34+00:00,type_42,6.3
48,6,3,45.84316683202015,9.642166306435328,200.0,2025-05-09T01:52+00:00,"type_21, type_42",13.2
48,6,4,45.68532,9.72487,18.686605724746205,2025-05-09T01:54+00:00,"type_21, type_42",13.2
48,7,0,45.68532,9.72487,200.0,2025-05-09T01:54+00:00,"type_21, type_42",13.2
48,7,1,45.67368,9.61195,8.892137250827256,2025-05-09T03:30+00:00,"type_21, type_42",12.8
48,9,0,45.67368,9.61195,200.0,2025-05-09T03:45+00:00,"type_21, type_42",12.8
48,9,1,45.79339,9.82976,21.55081593500288,2025-05-09T12:21+00:00,"type_21, type_42",17.2
49,2,0,38.25424,-85.75941,1749.8916974753722,2025-05-08T09:31+00:00,type_42,13.4
49,2,1,48.28958911127663,-69.03856872365594,1749.8916974753722,2025-05-08T11:27+00:00,type_42,6.9
49,4,0,50.93333,6.95,200.0,2025-05-09T01:00+00:00,type_43,7.3
49,4,1,49.24424173742777,7.908337993839992,200.0,2025-05-09T01:17+00:00,type_43,9.0
49,4,2,47.54723054159313,8.803299016476835,200.0,2025-05-09T01:34+00:00,type_42,6.3
49,4,3,45.84316683202015,9.642166306435328,200.0,2025-05-09T01:52+00:00,"type_21, type_42",13.2
49,4,4,45.68532,9.72487,18.686605724746205,2025-05-09T01:54+00:00,"type_21, type_42",13.2
49,6,0,45.68532,9.72487,200.0,2025-05-09T03:22+00:00,"type_21, type_42",12.8
49,6,1,45.67368,9.61195,8.892137250827256,2025-05-09T03:30+00:00,"type_21, type_42",12.8
49,8,0,45.67368,9.61195,200.0,2025-05-09T03:45+00:00,"type_21, type_42",12.8
49,8,1,45.79339,9.82976,21.55081593500288,2025-05-09T12:21+00:00,"type_21, type_42",17.2
50,2,0,48.11914,-96.18115,345.64210123961465,2025-05-08T20:27+00:00,type_43,20.0
50,2,1,45.744811565574416,-93.24970107730945,345.64210123961465,2025-05-08T23:40+00:00,type_43,21.7
50,2,2,43.30042720453799,-90.5601002874802,345.64210123961465,2025-05-09T02:54+00:00,type_43,10.2
50,2,3,40.7966392906047,-88.08016861270539,345.64210123961465,2025-05-09T06:08+00:00,type_43,10.6
50,2,4,38.25424,-85.75941,345.64812994681307,2025-05-09T09:22+00:00,type_41,11.1
50,3,0,38.25424,-85.75941,1749.8916974753722,2025-05-09T09:22+00:00,type_41,11.1
50,3,1,48.28958911127663,-69.03856872365594,1749.8916974753722,2025-05-09T11:21+00:00,type_43,6.7
50,5,0,50.93333,6.95,200.0,2025-05-11T22:45+00:00,type_43,14.3
50,5,1,49.24424173742777,7.908337993839992,200.0,2025-05-11T23:12+00:00,type_43,14.9
50,5,2,47.54723054159313,8.803299016476835,200.0,2025-05-11T23:39+00:00,type_42,13.7
50,5,3,45.84316683202015,9.642166306435328,200.0,2025-05-12T00:06+00:00,type_42,14.3
50,5,4,45.68532,9.72487,18.686605724746205,2025-05-12T00:09+00:00,type_42,14.3
50,7,0,45.68532,9.72487,200.0,2025-05-12T01:42+00:00,type_42,13.8
50,7,1,45.67368,9.61195,8.892137250827256,2025-05-12T03:30+00:00,type_42,11.9
50,9,0,45.67368,9.61195,200.0,2025-05-12T04:36+00:00,type_42,12.8
50,9,1,45.79339,9.82976,21.55081593500288,2025-05-12T13:21+00:00,type_42,23.2
51,2,0,48.11914,-96.18115,200.0,2025-05-09T20:27+00:00,type_43,28.3
51,2,1,46.87719,-96.7898,145.49562648013878,2025-05-10T00:56+00:00,type_43,24.2
51,3,0,46.87719,-96.7898,328.9416973257451,2025-05-10T00:56+00:00,type_43,24.2
51,3,1,44.8230467368047,-93.74019830676302,328.9416973257451,2025-05-10T01:42+00:00,type_43,24.5
51,3,2,42.69235420529611,-90.90351460604303,328.9416973257451,2025-05-10T02:29+00:00,type_43,15.0
51,3,3,40.49528512453608,-88.25718715597552,328.9416973257451,2025-05-10T03:15+00:00,type_43,11.2
51,3,4,38.25424,-85.75941,328.9480959556589,2025-05-10T04:02+00:00,type_43,10.0
51,5,0,38.25424,-85.75941,1749.8916974753722,2025-05-10T19:24+00:00,type_43,21.7
51,5,1,48.28958911127663,-69.03856872365594,1749.8916974753722,2025-05-10T21:22+00:00,type_43,22.0
51,7,0,50.93333,6.95,200.0,2025-05-11T18:47+00:00,type_43,23.1
51,7,1,49.24424173742777,7.908337993839992,200.0,2025-05-11T20:31+00:00,type_43,17.4
51,7,2,47.54723054159313,8.803299016476835,200.0,2025-05-11T22:15+00:00,type_42,14.9
51,7,3,45.84316683202015,9.642166306435328,200.0,2025-05-11T23:59+00:00,type_42,15.3
51,7,4,45.68532,9.72487,18.686605724746205,2025-05-12T00:09+00:00,type_42,14.3
51,9,0,45.68532,9.72487,200.0,2025-05-12T01:42+00:00,type_42,13.8
51,9,1,45.67368,9.61195,8.892137250827256,2025-05-12T03:30+00:00,type_42,11.9
51,11,0,45.67368,9.61195,200.0,2025-05-12T04:27+00:00,type_42,12.8
51,11,1,45.79339,9.82976,21.55081593500288,2025-05-12T13:21+00:00,type_42,23.2
